-- MariaDB dump 10.19  Distrib 10.4.32-MariaDB, for Win64 (AMD64)
--
-- Host: localhost    Database: sistemahhh26
-- ------------------------------------------------------
-- Server version	10.4.32-MariaDB

/*!40101 SET @OLD_CHARACTER_SET_CLIENT=@@CHARACTER_SET_CLIENT */;
/*!40101 SET @OLD_CHARACTER_SET_RESULTS=@@CHARACTER_SET_RESULTS */;
/*!40101 SET @OLD_COLLATION_CONNECTION=@@COLLATION_CONNECTION */;
/*!40101 SET NAMES utf8mb4 */;
/*!40103 SET @OLD_TIME_ZONE=@@TIME_ZONE */;
/*!40103 SET TIME_ZONE='+00:00' */;
/*!40014 SET @OLD_UNIQUE_CHECKS=@@UNIQUE_CHECKS, UNIQUE_CHECKS=0 */;
/*!40014 SET @OLD_FOREIGN_KEY_CHECKS=@@FOREIGN_KEY_CHECKS, FOREIGN_KEY_CHECKS=0 */;
/*!40101 SET @OLD_SQL_MODE=@@SQL_MODE, SQL_MODE='NO_AUTO_VALUE_ON_ZERO' */;
/*!40111 SET @OLD_SQL_NOTES=@@SQL_NOTES, SQL_NOTES=0 */;

--
-- Table structure for table `accesos`
--

DROP TABLE IF EXISTS `accesos`;
/*!40101 SET @saved_cs_client     = @@character_set_client */;
/*!40101 SET character_set_client = utf8 */;
CREATE TABLE `accesos` (
  `id` int(11) NOT NULL AUTO_INCREMENT,
  `usuario` varchar(80) NOT NULL,
  `clave` varchar(255) NOT NULL,
  `nivel_acceso` tinyint(4) NOT NULL DEFAULT 2,
  `creado_por_id` int(11) DEFAULT NULL,
  `fecha_creacion` datetime DEFAULT current_timestamp(),
  PRIMARY KEY (`id`),
  UNIQUE KEY `usuario` (`usuario`),
  KEY `idx_usuario` (`usuario`),
  KEY `idx_nivel` (`nivel_acceso`)
) ENGINE=InnoDB AUTO_INCREMENT=6 DEFAULT CHARSET=utf8mb4 COLLATE=utf8mb4_general_ci;
/*!40101 SET character_set_client = @saved_cs_client */;

--
-- Dumping data for table `accesos`
--

LOCK TABLES `accesos` WRITE;
/*!40000 ALTER TABLE `accesos` DISABLE KEYS */;
INSERT INTO `accesos` VALUES (1,'adminhugo','$2y$10$bwPvLjqJf59zJy9DRiMHterQkedIpeCR70lmkuKFjsMDzcvHlp5e6',3,NULL,'2026-02-03 13:25:47'),(2,'silvana','$2y$10$7APW93WrRs5A6aW5QkGBau8WfSgazKIVE0PnKRe/Zz5wURQ9vXbCe',2,1,'2026-02-03 16:32:18'),(3,'usuario','$2y$10$il0R0KXa1ZjMgP2u14YXe.x2g1VskeE3HI9ddNrEmBAtiV8jHHzSS',1,1,'2026-02-03 16:48:17'),(5,'enrique','$2y$10$.CZxgVSQkKewMQvzE2jzUORgFW0sKrlmgcmEoAFJ/FcYdTp5kdB56',0,1,'2026-02-06 17:54:51');
/*!40000 ALTER TABLE `accesos` ENABLE KEYS */;
UNLOCK TABLES;

--
-- Table structure for table `alquileres`
--

DROP TABLE IF EXISTS `alquileres`;
/*!40101 SET @saved_cs_client     = @@character_set_client */;
/*!40101 SET character_set_client = utf8 */;
CREATE TABLE `alquileres` (
  `alquiler_id` int(11) NOT NULL AUTO_INCREMENT,
  `propiedad_id` int(11) NOT NULL,
  `inquilino1_id` int(11) NOT NULL,
  `inquilino2_id` int(11) DEFAULT NULL,
  `codeudor1_id` int(11) NOT NULL,
  `codeudor2_id` int(11) DEFAULT NULL,
  `plazo_meses` int(11) DEFAULT NULL,
  `destino` varchar(50) DEFAULT 'VIVIENDA',
  `fecha_inicio` date DEFAULT NULL,
  `fecha_fin` date DEFAULT NULL,
  `precio_convenido` decimal(10,2) DEFAULT NULL,
  `fecha_firma` date DEFAULT NULL,
  `monto_deposito` decimal(10,2) DEFAULT NULL,
  `estado` enum('VIGENTE','BAJA') DEFAULT 'VIGENTE',
  `fecha_creacion` timestamp NOT NULL DEFAULT current_timestamp(),
  PRIMARY KEY (`alquiler_id`)
) ENGINE=InnoDB AUTO_INCREMENT=91 DEFAULT CHARSET=utf8mb4 COLLATE=utf8mb4_spanish_ci;
/*!40101 SET character_set_client = @saved_cs_client */;

--
-- Dumping data for table `alquileres`
--

LOCK TABLES `alquileres` WRITE;
/*!40000 ALTER TABLE `alquileres` DISABLE KEYS */;
INSERT INTO `alquileres` VALUES (1,6,3,NULL,3,NULL,24,'VIVIENDA','2026-01-30','2028-01-31',450000.00,'2026-01-30',450000.00,'BAJA','2026-01-31 00:18:36'),(2,3,3,NULL,3,NULL,24,'VIVIENDA','2026-01-30','2028-01-31',500000.00,'2026-01-30',500000.00,'','2026-01-31 00:28:21'),(6,6,3,NULL,3,NULL,24,'VIVIENDA','2026-01-30','2028-01-31',500000.00,'2026-01-30',500000.00,'','2026-01-31 01:04:57'),(11,3,4,NULL,4,NULL,24,'VIVIENDA','2026-01-31','2028-01-31',123.00,'2026-01-31',123.00,'','2026-02-01 01:11:58'),(12,3,4,NULL,4,NULL,24,'VIVIENDA','2026-02-01','2028-02-29',500000.00,'2026-02-01',500000.00,'','2026-02-01 15:49:05'),(13,6,4,NULL,4,NULL,24,'VIVIENDA','2026-02-05','2028-02-29',500000.00,'2026-02-01',500000.00,'','2026-02-01 16:04:20'),(14,6,4,NULL,4,NULL,24,'VIVIENDA','2026-02-10','2028-02-29',500000.00,'2026-02-01',500000.00,'','2026-02-01 17:36:08'),(15,3,4,NULL,4,NULL,24,'VIVIENDA','2026-02-10','2028-02-29',500000.00,'2026-02-01',500000.00,'','2026-02-01 17:55:55'),(16,6,4,NULL,4,NULL,24,'VIVIENDA','2026-02-01','2028-02-29',123.00,'2026-02-01',123.00,'','2026-02-01 19:27:17'),(17,3,4,NULL,4,NULL,24,'VIVIENDA','2026-02-15','2028-02-29',300000.00,'2026-02-01',300000.00,'','2026-02-01 22:10:24'),(18,3,4,NULL,4,NULL,24,'VIVIENDA','2025-01-01','2027-01-31',100000.00,'2026-02-02',100000.00,'','2026-02-02 02:49:20'),(19,3,4,NULL,4,NULL,24,'VIVIENDA','2025-12-01','2027-12-31',100000.00,'2026-02-02',100000.00,'','2026-02-02 02:51:25'),(20,10,4,NULL,4,NULL,24,'VIVIENDA','2026-02-02','2028-02-29',400000.00,'2026-02-02',400000.00,'','2026-02-03 01:50:21'),(21,6,4,NULL,4,NULL,24,'VIVIENDA','2026-02-03','2028-02-29',800000.00,'2026-02-03',800000.00,'','2026-02-03 02:51:20'),(22,3,4,NULL,4,NULL,24,'VIVIENDA','2026-02-03','2028-02-29',500000.00,'2026-02-03',500000.00,'','2026-02-03 03:09:57'),(23,9,4,NULL,4,NULL,24,'VIVIENDA','2026-02-03','2028-02-29',100000.00,'2026-02-03',100000.00,'','2026-02-03 03:12:24'),(24,17,4,NULL,4,NULL,24,'VIVIENDA','2026-02-03','2028-02-29',50000.00,'2026-02-03',50000.00,'','2026-02-03 23:33:05'),(25,18,3,NULL,3,NULL,24,'VIVIENDA','2026-02-03','2028-02-29',30000.00,'2026-02-03',30000.00,'','2026-02-03 23:40:01'),(26,18,3,NULL,3,NULL,24,'VIVIENDA','2026-02-03','2028-02-29',40000.00,'2026-02-03',40000.00,'','2026-02-03 23:42:14'),(27,18,3,NULL,3,NULL,24,'VIVIENDA','2026-02-03','2028-02-29',40000.00,'2026-02-03',40000.00,'','2026-02-03 23:45:58'),(28,18,3,NULL,3,NULL,24,'VIVIENDA','2026-02-03','2028-02-29',60000.00,'2026-02-03',60000.00,'','2026-02-03 23:48:26'),(29,18,3,NULL,3,NULL,24,'VIVIENDA','2026-02-03','2028-02-29',50000.00,'2026-02-03',50000.00,'','2026-02-03 23:50:31'),(30,18,3,NULL,3,NULL,24,'VIVIENDA','2026-02-03','2028-02-29',50000.00,'2026-02-03',50000.00,'','2026-02-03 23:50:34'),(31,18,3,NULL,3,NULL,24,'VIVIENDA','2026-02-03','2028-02-29',50000.00,'2026-02-03',50000.00,'','2026-02-03 23:50:35'),(32,18,3,NULL,3,NULL,24,'VIVIENDA','2026-02-03','2028-02-29',50000.00,'2026-02-03',50000.00,'','2026-02-03 23:50:35'),(33,18,3,NULL,3,NULL,24,'VIVIENDA','2026-02-03','2028-02-29',70000.00,'2026-02-03',70000.00,'','2026-02-03 23:55:09'),(34,17,4,NULL,4,NULL,24,'VIVIENDA','2026-02-03','2028-02-29',40000.00,'2026-02-03',40000.00,'','2026-02-03 23:56:44'),(35,20,4,NULL,4,NULL,24,'VIVIENDA','2025-12-17','2027-12-31',80000.00,'2026-02-03',80000.00,'','2026-02-03 23:59:12'),(36,17,4,NULL,4,NULL,24,'VIVIENDA','2025-12-05','2027-12-31',100000.00,'2026-02-03',100000.00,'','2026-02-04 00:04:58'),(37,20,4,NULL,4,NULL,24,'VIVIENDA','2026-02-03','2028-02-29',50000.00,'2026-02-03',50000.00,'','2026-02-04 00:05:37'),(38,19,3,NULL,3,NULL,24,'VIVIENDA','2026-02-04','2028-02-29',100000.00,'2026-02-04',100000.00,'','2026-02-04 03:30:33'),(39,19,3,NULL,3,NULL,24,'VIVIENDA','2026-02-04','2028-02-29',200000.00,'2026-02-04',200000.00,'','2026-02-04 03:37:16'),(40,19,3,NULL,3,NULL,24,'VIVIENDA','2026-02-04','2028-02-29',500000.00,'2026-02-04',500000.00,'','2026-02-04 03:41:12'),(41,68,34,NULL,34,NULL,4,'VIVIENDA','2026-02-01','2026-05-31',394000.00,'2026-02-01',394000.00,'','2026-02-13 17:29:35'),(42,68,34,NULL,34,NULL,4,'VIVIENDA','2026-02-01','2026-05-31',394000.00,'2026-02-01',591000.00,'','2026-02-13 17:38:35'),(43,21,8,NULL,8,NULL,10,'VIVIENDA','2026-01-01','2026-10-31',550601.00,'2026-01-01',825901.50,'VIGENTE','2026-02-15 16:10:46'),(44,68,34,NULL,34,NULL,4,'VIVIENDA','2026-02-01','2026-05-31',309077.28,'2026-02-01',463615.92,'','2026-02-20 15:30:00'),(45,69,35,NULL,35,NULL,2,'VIVIENDA','2026-02-01','2026-03-31',341027.20,'2026-02-01',511540.80,'','2026-02-20 15:34:06'),(46,58,32,NULL,32,NULL,10,'VIVIENDA','2026-01-01','2026-10-31',520838.82,'2026-01-01',781258.23,'','2026-02-20 15:36:07'),(47,68,34,NULL,34,NULL,4,'VIVIENDA','2026-02-01','2026-05-31',309077.28,'2026-02-01',463615.92,'VIGENTE','2026-02-20 15:54:09'),(48,69,35,NULL,35,NULL,2,'VIVIENDA','2026-02-01','2026-03-31',341027.20,'2026-02-01',511540.80,'VIGENTE','2026-02-20 15:57:17'),(49,58,32,NULL,32,NULL,10,'VIVIENDA','2026-01-01','2026-10-31',520838.82,'2026-01-01',781258.23,'VIGENTE','2026-02-20 16:02:54'),(50,59,33,NULL,33,NULL,8,'VIVIENDA','2026-02-01','2026-09-30',422654.00,'2026-02-01',633981.00,'VIGENTE','2026-02-20 16:04:35'),(51,27,11,NULL,11,NULL,12,'VIVIENDA','2026-02-01','2027-01-31',483129.25,'2026-02-01',724693.88,'VIGENTE','2026-02-20 16:06:36'),(52,28,12,NULL,54,55,24,'VIVIENDA','2026-03-01','2028-02-29',510000.00,'2026-02-25',765000.00,'VIGENTE','2026-02-20 16:14:04'),(53,30,14,NULL,14,NULL,9,'VIVIENDA','2026-02-01','2026-10-31',396517.68,'2026-02-01',594776.52,'','2026-02-20 16:20:40'),(54,30,14,NULL,14,NULL,21,'VIVIENDA','2026-02-01','2027-10-31',396517.68,'2026-02-01',594776.52,'VIGENTE','2026-02-20 16:29:40'),(55,34,17,NULL,17,NULL,22,'VIVIENDA','2026-02-01','2027-11-30',389610.00,'2026-02-01',584415.00,'VIGENTE','2026-02-20 16:30:30'),(56,35,18,NULL,18,NULL,14,'VIVIENDA','2026-01-01','2027-02-28',504060.00,'2026-02-20',756090.00,'VIGENTE','2026-02-20 16:31:37'),(57,36,19,NULL,19,NULL,2,'VIVIENDA','2026-02-01','2026-03-31',513413.00,'2026-02-01',770119.50,'VIGENTE','2026-02-20 16:32:39'),(58,38,21,NULL,21,NULL,8,'VIVIENDA','2026-01-01','2026-08-31',481750.00,'2026-01-01',722625.00,'VIGENTE','2026-02-20 16:33:55'),(59,24,9,NULL,9,NULL,24,'VIVIENDA','2026-02-01','2028-01-31',550000.00,'2026-02-01',825000.00,'VIGENTE','2026-02-20 16:46:23'),(60,39,22,NULL,22,NULL,24,'VIVIENDA','2026-02-01','2028-01-31',550000.00,'2026-02-01',825000.00,'VIGENTE','2026-02-20 16:49:10'),(61,41,24,NULL,24,NULL,14,'VIVIENDA','2026-01-01','2027-02-28',454012.00,'2026-02-01',681018.00,'VIGENTE','2026-02-20 16:51:01'),(62,49,25,NULL,25,NULL,6,'VIVIENDA','2026-02-01','2026-07-31',461596.39,'2026-02-20',692394.59,'VIGENTE','2026-02-20 16:52:29'),(63,50,27,NULL,27,NULL,6,'VIVIENDA','2026-01-01','2026-06-30',302995.00,'2026-02-20',454492.50,'VIGENTE','2026-02-20 16:53:09'),(64,51,22,NULL,22,NULL,13,'VIVIENDA','2026-01-01','2027-01-31',110000.00,'2026-02-20',165000.00,'VIGENTE','2026-02-20 16:59:59'),(65,52,11,NULL,11,NULL,13,'VIVIENDA','2026-01-01','2027-01-31',110000.00,'2026-02-20',165000.00,'VIGENTE','2026-02-20 17:00:28'),(66,53,31,NULL,31,NULL,13,'VIVIENDA','2026-01-01','2027-01-31',110000.00,'2026-02-20',165000.00,'VIGENTE','2026-02-20 17:00:59'),(67,57,24,NULL,24,NULL,13,'VIVIENDA','2026-01-01','2027-01-31',110000.00,'2026-02-20',165000.00,'VIGENTE','2026-02-20 17:01:32'),(68,70,36,NULL,36,NULL,4,'VIVIENDA','2026-01-01','2026-04-30',286163.18,'2026-02-20',429244.77,'VIGENTE','2026-02-20 17:03:34'),(69,71,37,NULL,37,NULL,6,'VIVIENDA','2026-02-01','2026-07-31',460219.00,'2026-02-20',690328.50,'VIGENTE','2026-02-20 17:04:08'),(70,72,38,NULL,38,NULL,18,'VIVIENDA','2026-02-01','2027-07-31',436738.00,'2026-02-01',655107.00,'VIGENTE','2026-02-20 17:06:25'),(71,73,39,NULL,39,NULL,10,'VIVIENDA','2026-02-01','2026-11-30',418237.00,'2026-02-20',627355.50,'VIGENTE','2026-02-20 17:08:01'),(72,74,40,NULL,40,NULL,13,'VIVIENDA','2026-02-01','2027-02-28',373785.80,'2026-02-20',560678.70,'','2026-02-20 17:09:30'),(73,74,40,NULL,40,NULL,14,'VIVIENDA','2026-02-01','2027-03-31',373785.80,'2026-02-20',560678.70,'VIGENTE','2026-02-20 17:10:57'),(74,75,41,NULL,41,NULL,16,'VIVIENDA','2026-02-01','2027-05-31',389359.73,'2026-02-01',584039.60,'VIGENTE','2026-02-20 17:13:44'),(75,76,42,NULL,42,NULL,16,'VIVIENDA','2026-02-01','2027-05-31',401158.51,'2026-02-20',601737.77,'VIGENTE','2026-02-20 17:15:18'),(76,77,43,NULL,43,NULL,6,'VIVIENDA','2026-02-01','2026-07-31',424557.13,'2026-02-20',636835.70,'VIGENTE','2026-02-20 17:17:43'),(77,78,44,NULL,44,NULL,6,'VIVIENDA','2026-02-01','2026-07-31',377383.74,'2026-02-20',566075.61,'VIGENTE','2026-02-20 17:21:43'),(78,80,46,NULL,46,NULL,14,'VIVIENDA','2026-02-01','2027-03-31',398703.86,'2026-02-20',598055.79,'VIGENTE','2026-02-20 17:23:49'),(79,81,47,NULL,47,NULL,2,'VIVIENDA','2026-02-01','2026-03-31',262510.27,'2026-02-20',393765.41,'VIGENTE','2026-02-20 17:25:41'),(80,79,45,NULL,45,NULL,12,'VIVIENDA','2026-01-01','2026-12-31',409935.95,'2026-02-20',614903.93,'VIGENTE','2026-02-20 17:28:47'),(81,82,48,NULL,48,NULL,24,'VIVIENDA','2026-02-01','2028-01-31',430000.00,'2026-02-20',645000.00,'VIGENTE','2026-02-20 17:30:11'),(82,83,49,NULL,49,NULL,6,'VIVIENDA','2026-02-01','2026-07-31',424557.13,'2026-02-20',636835.70,'VIGENTE','2026-02-20 17:31:56'),(83,67,50,NULL,50,NULL,3,'VIVIENDA','2026-02-01','2026-04-30',271451.32,'2026-02-20',407176.98,'VIGENTE','2026-02-20 17:33:48'),(84,66,56,NULL,56,NULL,6,'VIVIENDA','2026-01-01','2026-06-30',340088.00,'2026-02-20',510132.00,'VIGENTE','2026-02-20 17:36:13'),(85,61,57,NULL,57,NULL,16,'VIVIENDA','2026-01-01','2027-04-30',385220.00,'2026-02-20',577830.00,'VIGENTE','2026-02-20 17:37:59'),(86,62,58,NULL,58,NULL,2,'VIVIENDA','2026-02-01','2026-03-31',321647.00,'2026-02-20',482470.50,'VIGENTE','2026-02-20 17:39:37'),(87,63,59,NULL,59,NULL,6,'VIVIENDA','2026-02-01','2026-07-31',374946.00,'2026-02-20',562419.00,'VIGENTE','2026-02-20 17:40:37'),(88,64,61,NULL,61,NULL,24,'VIVIENDA','2026-02-01','2028-01-31',430000.00,'2026-02-01',645000.00,'VIGENTE','2026-02-20 17:41:54'),(89,65,62,NULL,62,NULL,14,'VIVIENDA','2026-02-01','2027-03-31',399863.00,'2026-02-20',599794.50,'VIGENTE','2026-02-20 17:42:47'),(90,60,3,NULL,3,NULL,24,'VIVIENDA','2026-02-01','2028-01-31',845000.00,'2026-02-21',1267500.00,'VIGENTE','2026-02-21 02:05:25');
/*!40000 ALTER TABLE `alquileres` ENABLE KEYS */;
UNLOCK TABLES;

--
-- Table structure for table `arriendos`
--

DROP TABLE IF EXISTS `arriendos`;
/*!40101 SET @saved_cs_client     = @@character_set_client */;
/*!40101 SET character_set_client = utf8 */;
CREATE TABLE `arriendos` (
  `id` int(11) NOT NULL AUTO_INCREMENT,
  `propietario_id` int(11) NOT NULL,
  `apoderado_id` int(11) NOT NULL,
  `arrendatario_id` int(11) NOT NULL,
  `padron` varchar(20) DEFAULT NULL,
  `descripcion_finca` text DEFAULT NULL,
  `fecha_cobro_1` date DEFAULT NULL,
  `fecha_cobro_2` date DEFAULT NULL,
  `kilos_fecha_1` decimal(12,2) DEFAULT NULL,
  `kilos_fecha_2` decimal(12,2) DEFAULT NULL,
  `iva_porcentaje` decimal(5,2) NOT NULL DEFAULT 21.00,
  `descontar_iva` tinyint(1) NOT NULL DEFAULT 0,
  `monto_descuentos` decimal(12,2) NOT NULL DEFAULT 0.00,
  `paga_comunal` tinyint(1) NOT NULL DEFAULT 0,
  `paga_provincial` tinyint(1) NOT NULL DEFAULT 0,
  `porcentaje_otros` decimal(5,2) DEFAULT NULL,
  `fecha_vencimiento_contrato` date DEFAULT NULL,
  `fecha_creacion` timestamp NOT NULL DEFAULT current_timestamp(),
  `fecha_modificacion` timestamp NOT NULL DEFAULT current_timestamp() ON UPDATE current_timestamp(),
  PRIMARY KEY (`id`),
  KEY `fk_arriendo_propietario` (`propietario_id`),
  KEY `fk_arriendo_apoderado` (`apoderado_id`),
  KEY `fk_arriendo_arrendatario` (`arrendatario_id`),
  CONSTRAINT `fk_arriendo_apoderado` FOREIGN KEY (`apoderado_id`) REFERENCES `usuarios` (`id`) ON UPDATE CASCADE,
  CONSTRAINT `fk_arriendo_arrendatario` FOREIGN KEY (`arrendatario_id`) REFERENCES `usuarios` (`id`) ON UPDATE CASCADE,
  CONSTRAINT `fk_arriendo_propietario` FOREIGN KEY (`propietario_id`) REFERENCES `usuarios` (`id`) ON UPDATE CASCADE
) ENGINE=InnoDB AUTO_INCREMENT=15 DEFAULT CHARSET=utf8mb4 COLLATE=utf8mb4_spanish_ci;
/*!40101 SET character_set_client = @saved_cs_client */;

--
-- Dumping data for table `arriendos`
--

LOCK TABLES `arriendos` WRITE;
/*!40000 ALTER TABLE `arriendos` DISABLE KEYS */;
INSERT INTO `arriendos` VALUES (8,65,65,2,'','el espinillo, Padrones  195.093,  96.909, 196.114 que totalizan 118 HAS','2000-03-15',NULL,76408.00,NULL,21.00,1,21.00,1,0,5.00,'2029-11-01','2026-02-21 15:16:53','2026-02-21 15:25:07'),(9,63,64,2,'','en la marta, denominada finca 10, PADRON 98060 por aprox 50 Has','2000-07-29','2000-11-29',16250.00,16250.00,21.00,0,0.00,1,0,0.00,'2031-11-30','2026-02-21 15:44:12','2026-02-21 15:44:12'),(10,66,66,2,'','la marta, finca 2 , Padron Nª98083  POR 23,6 HAS','2000-08-01','2000-12-01',7500.00,7500.00,0.00,0,0.00,0,0,0.00,'2032-12-01','2026-02-21 15:52:50','2026-02-21 15:52:50'),(11,63,67,2,'','la marta, finca 29,  Padron 197213 por 14.5 Has Nota Cambiar kilos 4713 hasta 11/27, despues 1463 hasta 11/29, vuelve a 4713 el año 2030, y sigue 3675 hasta 11/36','2000-07-29','2000-11-29',4713.00,4713.00,21.00,0,0.00,1,0,0.00,'2036-12-01','2026-02-21 16:09:16','2026-02-22 02:18:06'),(12,70,69,2,'','macomitas, finca 47, Padron 98242 Y 98243 QUE TOTALIZAN 10 HAS','2000-08-10','2000-12-01',3750.00,3750.00,0.00,0,0.00,0,0,0.00,'2027-12-01','2026-02-21 16:20:24','2026-02-21 16:20:24'),(13,68,69,2,'','macomitas, fina 47, Padron 97520 DE 40 HAS PARTE DE MAYOR EXTENSION','2000-08-10','2000-12-01',15000.00,15000.00,0.00,0,0.00,0,0,0.00,'2027-12-01','2026-02-21 16:22:37','2026-02-21 16:22:37');
/*!40000 ALTER TABLE `arriendos` ENABLE KEYS */;
UNLOCK TABLES;

--
-- Table structure for table `cuentas`
--

DROP TABLE IF EXISTS `cuentas`;
/*!40101 SET @saved_cs_client     = @@character_set_client */;
/*!40101 SET character_set_client = utf8 */;
CREATE TABLE `cuentas` (
  `movimiento_id` int(11) NOT NULL AUTO_INCREMENT,
  `usuario_id` int(11) NOT NULL,
  `fecha` date NOT NULL,
  `concepto` varchar(200) NOT NULL,
  `comprobante` varchar(50) DEFAULT NULL,
  `referencia` varchar(50) DEFAULT NULL,
  `monto` decimal(15,2) NOT NULL DEFAULT 0.00,
  `arriendo_id` int(11) DEFAULT NULL,
  `arriendo_fecha` tinyint(4) DEFAULT NULL,
  `saldo` decimal(15,2) NOT NULL DEFAULT 0.00,
  PRIMARY KEY (`movimiento_id`),
  KEY `fk_usuario_cuentas` (`usuario_id`),
  CONSTRAINT `fk_usuario_cuentas` FOREIGN KEY (`usuario_id`) REFERENCES `usuarios` (`id`) ON UPDATE CASCADE
) ENGINE=InnoDB AUTO_INCREMENT=489 DEFAULT CHARSET=utf8mb4 COLLATE=utf8mb4_spanish_ci;
/*!40101 SET character_set_client = @saved_cs_client */;

--
-- Dumping data for table `cuentas`
--

LOCK TABLES `cuentas` WRITE;
/*!40000 ALTER TABLE `cuentas` DISABLE KEYS */;
INSERT INTO `cuentas` VALUES (184,6,'2026-02-10','LIQUIDACIÓN DE EXPENSAS Ordinarias 0,00 - Extraordinarias 0,00','LIQ EXPENSAS','02/2026',0.00,NULL,NULL,0.00),(185,5,'2026-02-10','LIQUIDACIÓN DE EXPENSAS Ordinarias 0,00 - Extraordinarias 0,00','LIQ EXPENSAS','02/2026',0.00,NULL,NULL,0.00),(192,8,'2026-02-01','ALQUILER - DPTO 1° PISO B, ESTADOS UNIDOS 150','ALQUILER','02/2026',-550601.00,NULL,NULL,0.00),(209,34,'2026-02-20','INICIO DEL CONTRATO DEPTO 1° PISO A, EE UU 101 (101)','DEPÓSITO','GARANTÍA',-463615.92,NULL,NULL,0.00),(210,34,'2026-02-01','ALQUILER DEPTO 1° PISO A, EE UU 101 (101) PROPORCIONAL 28 DíAS','LIQ ALQUILER','02/2026',-309077.28,NULL,NULL,0.00),(211,35,'2026-02-20','INICIO DEL CONTRATO DEPTO 1° PISO B, EE UU 101 (101)','DEPÓSITO','GARANTÍA',-511540.80,NULL,NULL,0.00),(212,35,'2026-02-01','ALQUILER DEPTO 1° PISO B, EE UU 101 (101) PROPORCIONAL 28 DíAS','LIQ ALQUILER','02/2026',-341027.20,NULL,NULL,0.00),(213,32,'2026-02-20','INICIO DEL CONTRATO DEPTO PB A (PLANTA BAJA A , ENTRADA POR CELEDONIO GUTIERREZ), ESTADOS UNIDOS 101 (101)','DEPÓSITO','GARANTÍA',-781258.23,NULL,NULL,0.00),(214,32,'2026-01-01','ALQUILER DEPTO PB A (PLANTA BAJA A , ENTRADA POR CELEDONIO GUTIERREZ), ESTADOS UNIDOS 101 (101) PROPORCIONAL 31 DíAS','LIQ ALQUILER','01/2026',-520838.82,NULL,NULL,0.00),(215,32,'2026-02-01','ALQUILER - DEPTO PB A (PLANTA BAJA A , ENTRADA POR CELEDONIO GUTIERREZ), ESTADOS UNIDOS 101','ALQUILER','02/2026',-520838.82,NULL,NULL,0.00),(216,33,'2026-02-20','INICIO DEL CONTRATO DEPTO PB B (PLANTA BAJA B , ENTRADA POR CELEDONIO GUTIERREZ), ESTADOS UNIDOS 101 (101)','DEPÓSITO','GARANTÍA',-633981.00,NULL,NULL,0.00),(217,33,'2026-02-01','ALQUILER DEPTO PB B (PLANTA BAJA B , ENTRADA POR CELEDONIO GUTIERREZ), ESTADOS UNIDOS 101 (101) PROPORCIONAL 28 DíAS','LIQ ALQUILER','02/2026',-422654.00,NULL,NULL,0.00),(218,11,'2026-02-20','INICIO DEL CONTRATO DPTO PBC, (PLANTA BAJA CONTRAFRENTE), LAPRIDA 430 (430)','DEPÓSITO','GARANTÍA',-724693.88,NULL,NULL,0.00),(219,11,'2026-02-01','ALQUILER DPTO PBC, (PLANTA BAJA CONTRAFRENTE), LAPRIDA 430 (430) PROPORCIONAL 28 DíAS','LIQ ALQUILER','02/2026',-483129.25,NULL,NULL,0.00),(220,12,'2026-02-20','INICIO DEL CONTRATO DPTO PBD, (PLANTA BAJA CONTRAFRENTE), LAPRIDA 430 (430)','DEPÓSITO','GARANTÍA',-765000.00,NULL,NULL,0.00),(221,12,'2026-03-01','ALQUILER DPTO PBD, (PLANTA BAJA CONTRAFRENTE), LAPRIDA 430 (430) PROPORCIONAL 31 DíAS','LIQ ALQUILER','03/2026',-510000.00,NULL,NULL,0.00),(222,12,'2026-02-01','ALQUILER - DPTO PBD, (PLANTA BAJA CONTRAFRENTE), LAPRIDA 430','ALQUILER','02/2026',-510000.00,NULL,NULL,0.00),(225,14,'2026-02-20','INICIO DEL CONTRATO DPTO 1° PISO B, LAPRIDA 430 (430)','DEPÓSITO','GARANTÍA',-594776.52,NULL,NULL,0.00),(226,14,'2026-02-01','ALQUILER DPTO 1° PISO B, LAPRIDA 430 (430) PROPORCIONAL 28 DíAS','LIQ ALQUILER','02/2026',-396517.68,NULL,NULL,0.00),(227,17,'2026-02-20','INICIO DEL CONTRATO DPTO 2° PISO B, LAPRIDA 430 (430)','DEPÓSITO','GARANTÍA',-584415.00,NULL,NULL,0.00),(228,17,'2026-02-01','ALQUILER DPTO 2° PISO B, LAPRIDA 430 (430) PROPORCIONAL 28 DíAS','LIQ ALQUILER','02/2026',-389610.00,NULL,NULL,0.00),(229,18,'2026-02-20','INICIO DEL CONTRATO DPTO 2° PISO C, LAPRIDA 430 (430)','DEPÓSITO','GARANTÍA',-756090.00,NULL,NULL,0.00),(230,18,'2026-01-01','ALQUILER DPTO 2° PISO C, LAPRIDA 430 (430) PROPORCIONAL 31 DíAS','LIQ ALQUILER','01/2026',-504060.00,NULL,NULL,0.00),(231,18,'2026-02-01','ALQUILER - DPTO 2° PISO C, LAPRIDA 430','ALQUILER','02/2026',-504060.00,NULL,NULL,0.00),(232,19,'2026-02-20','INICIO DEL CONTRATO DPTO 3° PISO A, LAPRIDA 430 (430)','DEPÓSITO','GARANTÍA',-770119.50,NULL,NULL,0.00),(233,19,'2026-02-01','ALQUILER DPTO 3° PISO A, LAPRIDA 430 (430) PROPORCIONAL 28 DíAS','LIQ ALQUILER','02/2026',-513413.00,NULL,NULL,0.00),(234,21,'2026-02-20','INICIO DEL CONTRATO DPTO 3° PISO C, LAPRIDA 430 (430)','DEPÓSITO','GARANTÍA',-722625.00,NULL,NULL,0.00),(235,21,'2026-01-01','ALQUILER DPTO 3° PISO C, LAPRIDA 430 (430) PROPORCIONAL 31 DíAS','LIQ ALQUILER','01/2026',-481750.00,NULL,NULL,0.00),(236,21,'2026-02-01','ALQUILER - DPTO 3° PISO C, LAPRIDA 430','ALQUILER','02/2026',-481750.00,NULL,NULL,0.00),(237,9,'2026-02-20','INICIO DEL CONTRATO DPTO 3° PISO B, ESTADOS UNIDOS 150 (150)','DEPÓSITO','GARANTÍA',-825000.00,NULL,NULL,0.00),(238,9,'2026-02-01','ALQUILER DPTO 3° PISO B, ESTADOS UNIDOS 150 (150) PROPORCIONAL 28 DíAS','LIQ ALQUILER','02/2026',-550000.00,NULL,NULL,0.00),(239,22,'2026-02-20','INICIO DEL CONTRATO DPTO 4° PISO A, LAPRIDA 430 (430)','DEPÓSITO','GARANTÍA',-825000.00,NULL,NULL,0.00),(240,22,'2026-02-01','ALQUILER DPTO 4° PISO A, LAPRIDA 430 (430) PROPORCIONAL 28 DíAS','LIQ ALQUILER','02/2026',-550000.00,NULL,NULL,0.00),(241,24,'2026-02-20','INICIO DEL CONTRATO DPTO 4° PISO C, LAPRIDA 430 (430)','DEPÓSITO','GARANTÍA',-681018.00,NULL,NULL,0.00),(242,24,'2026-01-01','ALQUILER DPTO 4° PISO C, LAPRIDA 430 (430) PROPORCIONAL 31 DíAS','LIQ ALQUILER','01/2026',-454012.00,NULL,NULL,0.00),(243,24,'2026-02-01','ALQUILER - DPTO 4° PISO C, LAPRIDA 430','ALQUILER','02/2026',-454012.00,NULL,NULL,0.00),(244,25,'2026-02-20','INICIO DEL CONTRATO DPTO 5° PISO A, LAPRIDA 430 (430)','DEPÓSITO','GARANTÍA',-692394.59,NULL,NULL,0.00),(245,25,'2026-02-01','ALQUILER DPTO 5° PISO A, LAPRIDA 430 (430) PROPORCIONAL 28 DíAS','LIQ ALQUILER','02/2026',-461596.39,NULL,NULL,0.00),(246,27,'2026-02-20','INICIO DEL CONTRATO DPTO 5° PISO C, LAPRIDA 430 (430)','DEPÓSITO','GARANTÍA',-454492.50,NULL,NULL,0.00),(247,27,'2026-01-01','ALQUILER DPTO 5° PISO C, LAPRIDA 430 (430) PROPORCIONAL 31 DíAS','LIQ ALQUILER','01/2026',-302995.00,NULL,NULL,0.00),(248,27,'2026-02-01','ALQUILER - DPTO 5° PISO C, LAPRIDA 430','ALQUILER','02/2026',-302995.00,NULL,NULL,0.00),(249,22,'2026-02-20','INICIO DEL CONTRATO COCHERA 1 , SUB SUELO, LAPRIDA 430 (430)','DEPÓSITO','GARANTÍA',-165000.00,NULL,NULL,0.00),(250,22,'2026-01-01','ALQUILER COCHERA 1 , SUB SUELO, LAPRIDA 430 (430) PROPORCIONAL 31 DíAS','LIQ ALQUILER','01/2026',-110000.00,NULL,NULL,0.00),(251,11,'2026-02-20','INICIO DEL CONTRATO COCHERA 2 , SUB SUELO, LAPRIDA 430 (430)','DEPÓSITO','GARANTÍA',-165000.00,NULL,NULL,0.00),(252,11,'2026-01-01','ALQUILER COCHERA 2 , SUB SUELO, LAPRIDA 430 (430) PROPORCIONAL 31 DíAS','LIQ ALQUILER','01/2026',-110000.00,NULL,NULL,0.00),(253,31,'2026-02-20','INICIO DEL CONTRATO COCHERA 3, SUB SUELO, LAPRIDA 430 (430)','DEPÓSITO','GARANTÍA',-165000.00,NULL,NULL,0.00),(254,31,'2026-01-01','ALQUILER COCHERA 3, SUB SUELO, LAPRIDA 430 (430) PROPORCIONAL 31 DíAS','LIQ ALQUILER','01/2026',-110000.00,NULL,NULL,0.00),(255,31,'2026-02-01','ALQUILER - COCHERA 3, SUB SUELO, LAPRIDA 430','ALQUILER','02/2026',-110000.00,NULL,NULL,0.00),(256,24,'2026-02-20','INICIO DEL CONTRATO COCHERA 7, SUB SUELO, LAPRIDA 430 (430)','DEPÓSITO','GARANTÍA',-165000.00,NULL,NULL,0.00),(257,24,'2026-01-01','ALQUILER COCHERA 7, SUB SUELO, LAPRIDA 430 (430) PROPORCIONAL 31 DíAS','LIQ ALQUILER','01/2026',-110000.00,NULL,NULL,0.00),(258,36,'2026-02-20','INICIO DEL CONTRATO DEPTO 1° PISO C, EE UU 101 (101)','DEPÓSITO','GARANTÍA',-429244.77,NULL,NULL,0.00),(259,36,'2026-01-01','ALQUILER DEPTO 1° PISO C, EE UU 101 (101) PROPORCIONAL 31 DíAS','LIQ ALQUILER','01/2026',-286163.18,NULL,NULL,0.00),(260,36,'2026-02-01','ALQUILER - DEPTO 1° PISO C, EE UU 101','ALQUILER','02/2026',-286163.18,NULL,NULL,0.00),(261,37,'2026-02-20','INICIO DEL CONTRATO DEPTO 1° PISO D, EE UU 101 (101)','DEPÓSITO','GARANTÍA',-690328.50,NULL,NULL,0.00),(262,37,'2026-02-01','ALQUILER DEPTO 1° PISO D, EE UU 101 (101) PROPORCIONAL 28 DíAS','LIQ ALQUILER','02/2026',-460219.00,NULL,NULL,0.00),(263,38,'2026-02-20','INICIO DEL CONTRATO DEPTO 2° PISO A, EE UU 101 (101)','DEPÓSITO','GARANTÍA',-655107.00,NULL,NULL,0.00),(264,38,'2026-02-01','ALQUILER DEPTO 2° PISO A, EE UU 101 (101) PROPORCIONAL 28 DíAS','LIQ ALQUILER','02/2026',-436738.00,NULL,NULL,0.00),(265,39,'2026-02-20','INICIO DEL CONTRATO DEPTO 2° PISO B, EE UU 101 (101)','DEPÓSITO','GARANTÍA',-627355.50,NULL,NULL,0.00),(266,39,'2026-02-01','ALQUILER DEPTO 2° PISO B, EE UU 101 (101) PROPORCIONAL 28 DíAS','LIQ ALQUILER','02/2026',-418237.00,NULL,NULL,0.00),(269,40,'2026-02-20','INICIO DEL CONTRATO DEPTO 2° PISO C, EE UU 101 (101)','DEPÓSITO','GARANTÍA',-560678.70,NULL,NULL,0.00),(270,40,'2026-02-01','ALQUILER DEPTO 2° PISO C, EE UU 101 (101) PROPORCIONAL 28 DíAS','LIQ ALQUILER','02/2026',-373785.80,NULL,NULL,0.00),(271,41,'2026-02-20','INICIO DEL CONTRATO DEPTO 2° PISO D, EE UU 101 (101)','DEPÓSITO','GARANTÍA',-584039.60,NULL,NULL,0.00),(272,41,'2026-02-01','ALQUILER DEPTO 2° PISO D, EE UU 101 (101) PROPORCIONAL 28 DíAS','LIQ ALQUILER','02/2026',-389359.73,NULL,NULL,0.00),(273,42,'2026-02-20','INICIO DEL CONTRATO DEPTO 3° PISO A, EE UU 101 (101)','DEPÓSITO','GARANTÍA',-601737.77,NULL,NULL,0.00),(274,42,'2026-02-01','ALQUILER DEPTO 3° PISO A, EE UU 101 (101) PROPORCIONAL 28 DíAS','LIQ ALQUILER','02/2026',-401158.51,NULL,NULL,0.00),(275,43,'2026-02-20','INICIO DEL CONTRATO DEPTO 3° PISO B, EE UU 101 (101)','DEPÓSITO','GARANTÍA',-636835.70,NULL,NULL,0.00),(276,43,'2026-02-01','ALQUILER DEPTO 3° PISO B, EE UU 101 (101) PROPORCIONAL 28 DíAS','LIQ ALQUILER','02/2026',-424557.13,NULL,NULL,0.00),(277,44,'2026-02-20','INICIO DEL CONTRATO DEPTO 3° PISO C, EE UU 101 (101)','DEPÓSITO','GARANTÍA',-566075.61,NULL,NULL,0.00),(278,44,'2026-02-01','ALQUILER DEPTO 3° PISO C, EE UU 101 (101) PROPORCIONAL 28 DíAS','LIQ ALQUILER','02/2026',-377383.74,NULL,NULL,0.00),(279,46,'2026-02-20','INICIO DEL CONTRATO DEPTO 4° PISO A, EE UU 101 (101)','DEPÓSITO','GARANTÍA',-598055.79,NULL,NULL,0.00),(280,46,'2026-02-01','ALQUILER DEPTO 4° PISO A, EE UU 101 (101) PROPORCIONAL 28 DíAS','LIQ ALQUILER','02/2026',-398703.86,NULL,NULL,0.00),(281,47,'2026-02-20','INICIO DEL CONTRATO DEPTO 4° PISO B, EE UU 101 (101)','DEPÓSITO','GARANTÍA',-393765.41,NULL,NULL,0.00),(282,47,'2026-02-01','ALQUILER DEPTO 4° PISO B, EE UU 101 (101) PROPORCIONAL 28 DíAS','LIQ ALQUILER','02/2026',-262510.27,NULL,NULL,0.00),(283,45,'2026-02-20','INICIO DEL CONTRATO DEPTO 3° PISO D, EE UU 101 (101)','DEPÓSITO','GARANTÍA',-614903.93,NULL,NULL,0.00),(284,45,'2026-01-01','ALQUILER DEPTO 3° PISO D, EE UU 101 (101) PROPORCIONAL 31 DíAS','LIQ ALQUILER','01/2026',-409935.95,NULL,NULL,0.00),(285,45,'2026-02-01','ALQUILER - DEPTO 3° PISO D, EE UU 101','ALQUILER','02/2026',-409935.95,NULL,NULL,0.00),(286,48,'2026-02-20','INICIO DEL CONTRATO DEPTO 4° PISO C EE UU 101 (101)','DEPÓSITO','GARANTÍA',-645000.00,NULL,NULL,0.00),(287,48,'2026-02-01','ALQUILER DEPTO 4° PISO C EE UU 101 (101) PROPORCIONAL 28 DíAS','LIQ ALQUILER','02/2026',-430000.00,NULL,NULL,0.00),(288,49,'2026-02-20','INICIO DEL CONTRATO DEPTO 4° PISO D, EE UU 101 (101)','DEPÓSITO','GARANTÍA',-636835.70,NULL,NULL,0.00),(289,49,'2026-02-01','ALQUILER DEPTO 4° PISO D, EE UU 101 (101) PROPORCIONAL 28 DíAS','LIQ ALQUILER','02/2026',-424557.13,NULL,NULL,0.00),(290,50,'2026-02-20','INICIO DEL CONTRATO DEPTO 5° PISO A, EE UU 101 (101)','DEPÓSITO','GARANTÍA',-407176.98,NULL,NULL,0.00),(291,50,'2026-02-01','ALQUILER DEPTO 5° PISO A, EE UU 101 (101) PROPORCIONAL 28 DíAS','LIQ ALQUILER','02/2026',-271451.32,NULL,NULL,0.00),(292,56,'2026-02-20','INICIO DEL CONTRATO DEPTO 5° PISO B, EE UU 101 (101)','DEPÓSITO','GARANTÍA',-510132.00,NULL,NULL,0.00),(293,56,'2026-01-01','ALQUILER DEPTO 5° PISO B, EE UU 101 (101) PROPORCIONAL 31 DíAS','LIQ ALQUILER','01/2026',-340088.00,NULL,NULL,0.00),(294,56,'2026-02-01','ALQUILER - DEPTO 5° PISO B, EE UU 101','ALQUILER','02/2026',-340088.00,NULL,NULL,0.00),(295,57,'2026-02-20','INICIO DEL CONTRATO DEPTO 5° PISO C, EE UU 101 (101)','DEPÓSITO','GARANTÍA',-577830.00,NULL,NULL,0.00),(296,57,'2026-01-01','ALQUILER DEPTO 5° PISO C, EE UU 101 (101) PROPORCIONAL 31 DíAS','LIQ ALQUILER','01/2026',-385220.00,NULL,NULL,0.00),(297,57,'2026-02-01','ALQUILER - DEPTO 5° PISO C, EE UU 101','ALQUILER','02/2026',-385220.00,NULL,NULL,0.00),(298,58,'2026-02-20','INICIO DEL CONTRATO DEPTO 5° PISO D, EE UU 101 (101)','DEPÓSITO','GARANTÍA',-482470.50,NULL,NULL,0.00),(299,58,'2026-02-01','ALQUILER DEPTO 5° PISO D, EE UU 101 (101) PROPORCIONAL 28 DíAS','LIQ ALQUILER','02/2026',-321647.00,NULL,NULL,0.00),(300,59,'2026-02-20','INICIO DEL CONTRATO DEPTO 6° PISO A, EE UU 101 (101)','DEPÓSITO','GARANTÍA',-562419.00,NULL,NULL,0.00),(301,59,'2026-02-01','ALQUILER DEPTO 6° PISO A, EE UU 101 (101) PROPORCIONAL 28 DíAS','LIQ ALQUILER','02/2026',-374946.00,NULL,NULL,0.00),(302,61,'2026-02-20','INICIO DEL CONTRATO DEPTO 6° PISO B, EE UU 101 (101)','DEPÓSITO','GARANTÍA',-645000.00,NULL,NULL,0.00),(303,61,'2026-02-01','ALQUILER DEPTO 6° PISO B, EE UU 101 (101) PROPORCIONAL 28 DíAS','LIQ ALQUILER','02/2026',-430000.00,NULL,NULL,0.00),(304,62,'2026-02-20','INICIO DEL CONTRATO DEPTO 6° PISO C, EE UU 101 (101)','DEPÓSITO','GARANTÍA',-599794.50,NULL,NULL,0.00),(305,62,'2026-02-01','ALQUILER DEPTO 6° PISO C, EE UU 101 (101) PROPORCIONAL 28 DíAS','LIQ ALQUILER','02/2026',-399863.00,NULL,NULL,0.00),(307,3,'2026-02-01','ALQUILER LOCAL COMERCIAL,(CONSULTORIOS PB A LA CALLE), ESTADOS UNIDOS 101 (101) PROPORCIONAL 28 DíAS','LIQ ALQUILER','02/2026',-845000.00,NULL,NULL,0.00),(308,65,'2026-03-15','ARRIENDO - EL ESPINILLO, PADRONES  195.093,  96.909, 196.114 QUE TOTALIZAN 118 HAS - 76408 KILOS - IVA 21% - DTO 5%','PRECIO AZUCAR','A DEFINIR',0.00,8,1,0.00),(309,63,'2026-07-29','ARRIENDO - EN LA MARTA, DENOMINADA FINCA 10, PADRON 98060 POR APROX 50 HAS - 16250 KILOS - IVA 21% - DTO 0%','PRECIO AZUCAR','A DEFINIR',0.00,9,1,0.00),(310,63,'2026-11-29','ARRIENDO - EN LA MARTA, DENOMINADA FINCA 10, PADRON 98060 POR APROX 50 HAS - 16250 KILOS - IVA 21% - DTO 0%','PRECIO AZUCAR','A DEFINIR',0.00,9,2,0.00),(311,66,'2026-08-01','ARRIENDO - LA MARTA, FINCA 2 , PADRON Nª98083  POR 23,6 HAS - 7500 KILOS - IVA 0% - DTO 0%','PRECIO AZUCAR','A DEFINIR',0.00,10,1,0.00),(312,66,'2026-12-01','ARRIENDO - LA MARTA, FINCA 2 , PADRON Nª98083  POR 23,6 HAS - 7500 KILOS - IVA 0% - DTO 0%','PRECIO AZUCAR','A DEFINIR',0.00,10,2,0.00),(313,63,'2026-07-29','ARRIENDO - LA MARTA, FINCA 29,  PADRON 197213 POR 14.5 HAS NOTA CAMBIAR KILOS 4713 HASTA... - 47130 KILOS - IVA 21% - DTO 0%','PRECIO AZUCAR','A DEFINIR',0.00,11,1,0.00),(314,63,'2026-11-29','ARRIENDO - LA MARTA, FINCA 29,  PADRON 197213 POR 14.5 HAS NOTA CAMBIAR KILOS 4713 HASTA... - 4713 KILOS - IVA 21% - DTO 0%','PRECIO AZUCAR','A DEFINIR',0.00,11,2,0.00),(315,70,'2026-08-10','ARRIENDO - MACOMITAS, FINCA 47, PADRON 98242 Y 98243 QUE TOTALIZAN 10 HAS - 3750 KILOS - IVA 0% - DTO 0%','PRECIO AZUCAR','A DEFINIR',0.00,12,1,0.00),(316,70,'2026-12-01','ARRIENDO - MACOMITAS, FINCA 47, PADRON 98242 Y 98243 QUE TOTALIZAN 10 HAS - 3750 KILOS - IVA 0% - DTO 0%','PRECIO AZUCAR','A DEFINIR',0.00,12,2,0.00),(317,68,'2026-08-10','ARRIENDO - MACOMITAS, FINA 47, PADRON 97520 DE 40 HAS PARTE DE MAYOR EXTENSION - 15000 KILOS - IVA 0% - DTO 0%','PRECIO AZUCAR','A DEFINIR',0.00,13,1,0.00),(318,68,'2026-12-01','ARRIENDO - MACOMITAS, FINA 47, PADRON 97520 DE 40 HAS PARTE DE MAYOR EXTENSION - 15000 KILOS - IVA 0% - DTO 0%','PRECIO AZUCAR','A DEFINIR',0.00,13,2,0.00),(326,78,'2026-02-11','VENTA AZUCAR - BOLSAS DE 50 KGRS DE AZUCAR BLANCO MARCA CONCEPCION - 600 UNIDADES a $ 35000,00','N° ORDEN 6578','OP N° 933',-21000000.00,NULL,NULL,0.00),(331,75,'2025-12-09','VENTA278+29=307 BOLSAS','VARIOS','INICIAL',-9210000.00,NULL,NULL,0.00),(333,34,'2026-02-22','INICIAL','INICIAL','INICIAL',772972.06,NULL,NULL,0.00),(335,11,'2026-02-23','INICIAL','INICIAL','INICIAL',1484859.13,NULL,NULL,0.00),(336,31,'2026-02-23','INICIAL','INICIAL','INICIAL',371794.00,NULL,NULL,0.00),(337,24,'2026-02-23','INICIAL','INICIAL','INICIAL',1864055.00,NULL,NULL,0.00),(338,35,'2026-02-23','INICIAL','INICIAL','INICIAL',854567.00,NULL,NULL,0.00),(340,14,'2026-02-23','INICIAL','INICIAL','INICIAL',971607.20,NULL,NULL,0.00),(341,36,'2026-02-23','INICIAL','INICIAL','INICIAL',998451.13,NULL,NULL,0.00),(342,37,'2026-02-23','INICIAL','INICIAL','INICIAL',1150545.50,NULL,NULL,0.00),(343,38,'2026-02-23','INICIAL','INICIAL','INICIAL',1003180.00,NULL,NULL,0.00),(344,39,'2026-02-23','INICIAL','INICIAL','INICIAL',1045602.50,NULL,NULL,0.00),(346,40,'2026-02-23','INICIAL','INICIAL','INICIAL',474011.50,NULL,NULL,0.00),(347,18,'2026-02-23','INICIAL','INICIAL','INICIAL',1601643.00,NULL,NULL,0.00),(348,41,'2026-02-23','INICIAL','INICIAL','INICIAL',975651.33,NULL,NULL,0.00),(349,42,'2026-02-23','INICIAL','INICIAL','INICIAL',1003443.28,NULL,NULL,0.00),(350,19,'2026-02-23','INICIAL','INICIAL','INICIAL',1283618.50,NULL,NULL,0.00),(351,43,'2026-02-23','INICIAL','INICIAL','INICIAL',1061455.83,NULL,NULL,0.00),(352,9,'2026-02-23','INICIAL','INICIAL','INICIAL',1375800.00,NULL,NULL,0.00),(353,44,'2026-02-23','INICIAL','INICIAL','INICIAL',943619.35,NULL,NULL,0.00),(355,45,'2026-02-23','INICIAL','INICIAL','INICIAL',1436933.83,NULL,NULL,0.00),(356,46,'2026-02-23','INICIAL','INICIAL','INICIAL',994901.65,NULL,NULL,0.00),(357,47,'2026-02-23','INICIAL','INICIAL','INICIAL',873141.68,NULL,NULL,0.00),(358,48,'2026-02-23','INICIAL','INICIAL','INICIAL',1075252.00,NULL,NULL,0.00),(359,49,'2026-02-23','INICIAL','INICIAL','INICIAL',537303.83,NULL,NULL,0.00),(360,50,'2026-02-23','INICIAL','INICIAL','INICIAL',679313.30,NULL,NULL,0.00),(361,25,'2026-02-23','INICIAL','INICIAL','INICIAL',694092.98,NULL,NULL,0.00),(362,56,'2026-02-23','INICIAL','INICIAL','INICIAL',1195954.00,NULL,NULL,0.00),(365,58,'2026-02-23','INICIAL','INICIAL','INICIAL',192911.50,NULL,NULL,0.00),(367,61,'2026-02-23','INICIAL','INICIAL','INICIAL',1074981.00,NULL,NULL,0.00),(368,62,'2026-02-23','INICIAL','INICIAL','INICIAL',983183.50,NULL,NULL,0.00),(369,57,'2026-02-23','INICIAL','INICIAL','INICIAL',1345309.00,NULL,NULL,0.00),(370,12,'2026-02-23','INICIAL','INICIAL','INICIAL',1785118.00,NULL,NULL,0.00),(371,32,'2026-02-23','INICIAL','INICIAL','INICIAL',1826374.87,NULL,NULL,0.00),(372,33,'2026-02-23','INICIAL','INICIAL','INICIAL',1057990.00,NULL,NULL,0.00),(373,17,'2026-02-23','INICIAL','INICIAL','INICIAL',974015.00,NULL,NULL,0.00),(374,21,'2026-02-23','INICIAL','INICIAL','INICIAL',1240856.00,NULL,NULL,0.00),(376,3,'2026-02-23','EXPENSAS LOCAL COMERCIAL,(CONSULTORIOS PB A LA CALLE), ESTADOS UNIDOS 101','EXP/TRANSF','02/2026',845000.00,NULL,NULL,0.00),(378,8,'2026-02-24','INICIAL','INICIAL','INICIAL',550617.84,NULL,NULL,0.00),(380,15,'2026-02-24','INICIAL','INICIAL','INICIAL',-146182.49,NULL,NULL,0.00),(381,28,'2026-02-24','INICIAL','INICIAL','INICIAL',938.87,NULL,NULL,0.00),(382,26,'2026-02-24','INICIAL','INICIAL','INICIAL',-106.31,NULL,NULL,0.00),(387,5,'2026-02-09','SALDO INICIAL DESPUES LIQIDACION','VARIOS','02/2026',-1861814.00,NULL,NULL,0.00),(388,1,'2026-02-09','CONSORCIO LAPRIDA 430 - SALDO INICIAL DESPUES LIQIDACION','VARIOS','02/2026',-1861814.00,NULL,NULL,0.00),(390,1,'2026-02-09','VAZQUEZ GIMENA - COBRO DE: ALQUILER DEPTO 6° PISO A, EE UU 101 (101) PROPORCIONAL 28 DÍAS','EFVO','COBRO CAJA',374946.00,NULL,NULL,0.00),(391,59,'2026-02-26','INICIAL','INICIAL','INICIAL',488707.00,NULL,NULL,0.00),(393,1,'2026-02-09','VAZQUEZ GIMENA - COBRO DE: ALQUILER DEPTO 6° PISO A, EE UU 101 (101) PROPORCIONAL 28 DÍAS','EFVO','COBRO CAJA',374946.00,NULL,NULL,0.00),(395,1,'2026-02-26','VAZQUEZ GIMENA - COBRO DE: ALQUILER DEPTO 6° PISO A, EE UU 101 (101) PROPORCIONAL 28 DÍAS','EFVO','COBRO CAJA',374946.00,NULL,NULL,0.00),(397,59,'2026-02-26','EXPENSAS DEPTO 6° PISO A, EE UU 101','EXP/EFVO','01/2026',76969.22,NULL,NULL,0.00),(399,1,'2026-02-26','VAZQUEZ GIMENA - COBRO EXPENSA DEPTO 6° PISO A, EE UU 101 01/2026','EXP/EFVO','01/2026',76969.22,NULL,NULL,0.00),(400,59,'2026-02-26','PAGO A CUENTA','EFVO','COBRO CAJA',373030.78,NULL,NULL,0.00),(401,1,'2026-02-26','VAZQUEZ GIMENA - PAGO A CUENTA','EFVO','COBRO CAJA',373030.78,NULL,NULL,0.00),(403,22,'2026-02-24','COBRO DE: ALQUILER DPTO 4° PISO A, LAPRIDA 430 (430) PROPORCIONAL 28 DÍAS','EFVO','COBRO CAJA',550000.00,NULL,NULL,0.00),(404,1,'2026-02-24','MOLINA ALVARO JOSE - COBRO DE: ALQUILER DPTO 4° PISO A, LAPRIDA 430 (430) PROPORCIONAL 28 DÍAS','EFVO','COBRO CAJA',550000.00,NULL,NULL,0.00),(405,22,'2026-02-24','PAGO A CUENTA','EFVO','COBRO CAJA',50000.00,NULL,NULL,0.00),(406,1,'2026-02-24','MOLINA ALVARO JOSE - PAGO A CUENTA','EFVO','COBRO CAJA',50000.00,NULL,NULL,0.00),(407,21,'2026-02-26','COBRO DE: ALQUILER - DPTO 3° PISO C, LAPRIDA 430','EFVO','COBRO CAJA',481750.00,NULL,NULL,0.00),(408,1,'2026-02-26','BUSTAMANTE ANA MARIA - COBRO DE: ALQUILER - DPTO 3° PISO C, LAPRIDA 430','EFVO','COBRO CAJA',481750.00,NULL,NULL,0.00),(409,21,'2026-02-26','A CUENTA PROXIMO PAGO','EFVO','COBRO CAJA',18250.00,NULL,NULL,0.00),(410,1,'2026-02-26','BUSTAMANTE ANA MARIA - A CUENTA PROXIMO PAGO','EFVO','COBRO CAJA',18250.00,NULL,NULL,0.00),(412,25,'2026-02-24','MORA','MORA','2/2026',-64385.00,NULL,NULL,0.00),(413,25,'2026-02-24','COBRO DE: MORA','EFVO','COBRO CAJA',64385.00,NULL,NULL,0.00),(414,1,'2026-02-24','LOPEZ PEÑA JORGE RAMON - COBRO DE: MORA','EFVO','COBRO CAJA',64385.00,NULL,NULL,0.00),(415,25,'2026-02-24','A CUENTA PROXIMO PAGO','EFVO','COBRO CAJA',405615.00,NULL,NULL,0.00),(416,1,'2026-02-24','LOPEZ PEÑA JORGE RAMON - A CUENTA PROXIMO PAGO','EFVO','COBRO CAJA',405615.00,NULL,NULL,0.00),(418,5,'2026-02-26','COBRO EXPENSA DPTO 2° PISO C, LAPRIDA 430 01/2026 - PAGÓ CHOQUE ALEJANDRO RICARDO','EXP/TRANSF','01/2026',162643.00,NULL,NULL,0.00),(420,7,'2026-02-26','COBRO EXPENSA DPTO 2° PISO C, LAPRIDA 430 01/2026 - PAGÓ CHOQUE ALEJANDRO RICARDO','EXP/TRANSF','01/2026',162643.00,NULL,NULL,0.00),(421,1,'2026-02-26','INICIAL','INICIAL','INICIAL',-748480.00,NULL,NULL,0.00),(422,5,'2026-02-26','COBRO EXPENSA DPTO 7° PISO A, LAPRIDA 430 01/2026 - PAGÓ CORREA RODOLFO ANTONIO','EXP/TRANSF','01/2026',225767.00,NULL,NULL,0.00),(423,28,'2026-02-26','EXPENSAS DPTO 7° PISO A, LAPRIDA 430','EXP/TRANSF','01/2026',225767.00,NULL,NULL,0.00),(424,5,'2026-02-26','COBRO EXPENSA COCHERA 6, SUB SUELO, LAPRIDA 430 01/2026 - PAGÓ LOPEZ MARNERO LUCIA','EXP/TRANSF','01/2026',23791.31,NULL,NULL,0.00),(425,13,'2026-02-26','EXPENSAS COCHERA 6, SUB SUELO, LAPRIDA 430','EXP/TRANSF','01/2026',23791.31,NULL,NULL,0.00),(426,5,'2026-02-26','COBRO EXPENSA DPTO 1° PISO A, LAPRIDA 430 01/2026 - PAGÓ LOPEZ MARNERO LUCIA','EXP/TRANSF','01/2026',222331.42,NULL,NULL,0.00),(427,13,'2026-02-26','EXPENSAS DPTO 1° PISO A, LAPRIDA 430','EXP/TRANSF','01/2026',222331.42,NULL,NULL,0.00),(428,5,'2026-02-26','COBRO EXPENSA DPTO 7° PISO B, LAPRIDA 430 01/2026 - PAGÓ AYBAR CARLOS VALENTIN','EXP/TRANSF','01/2026',111500.00,NULL,NULL,0.00),(429,29,'2026-02-26','EXPENSAS DPTO 7° PISO B, LAPRIDA 430','EXP/TRANSF','01/2026',111500.00,NULL,NULL,0.00),(430,5,'2026-02-26','COBRO EXPENSA DPTO 3° PISO B, LAPRIDA 430 01/2026 - PAGÓ VEGA MARCELA','EXP/TRANSF','01/2026',110328.00,NULL,NULL,0.00),(431,20,'2026-02-26','EXPENSAS DPTO 3° PISO B, LAPRIDA 430','EXP/TRANSF','01/2026',110328.00,NULL,NULL,0.00),(432,5,'2026-02-26','COBRO EXPENSA LOCAL COMERCIAL  (PB), LAPRIDA 430 01/2026 - PAGÓ METTOLA RODRIGO MARTIN','EXP/TRANSF','01/2026',156277.04,NULL,NULL,0.00),(433,10,'2026-02-26','EXPENSAS LOCAL COMERCIAL  (PB), LAPRIDA 430','EXP/TRANSF','01/2026',156277.04,NULL,NULL,0.00),(434,5,'2026-02-26','COBRO EXPENSA DPTO 6° PISO B, LAPRIDA 430 01/2026 - PAGÓ ESPINOSA DIEGO','EXP/TRANSF','01/2026',111501.00,NULL,NULL,0.00),(435,26,'2026-02-26','EXPENSAS DPTO 6° PISO B, LAPRIDA 430','EXP/TRANSF','01/2026',111501.00,NULL,NULL,0.00),(436,5,'2026-02-26','COBRO EXPENSA DPTO 5° PISO B, LAPRIDA 430 01/2026 - PAGÓ ESPINOSA DIEGO','EXP/TRANSF','01/2026',110327.98,NULL,NULL,0.00),(437,26,'2026-02-26','EXPENSAS DPTO 5° PISO B, LAPRIDA 430','EXP/TRANSF','01/2026',110327.98,NULL,NULL,0.00),(438,5,'2026-02-26','COBRO EXPENSA DPTO 4° PISO B, LAPRIDA 430 01/2026 - PAGÓ HILAL MARTIN','EXP/TRANSF','01/2026',110328.00,NULL,NULL,0.00),(439,23,'2026-02-26','EXPENSAS DPTO 4° PISO B, LAPRIDA 430','EXP/TRANSF','01/2026',110328.00,NULL,NULL,0.00),(440,5,'2026-02-26','COBRO EXPENSA DPTO 7° PISO C, LAPRIDA 430 01/2026 - PAGÓ SOUBIE MARIA EMILIA','EXP/TRANSF','01/2026',151585.80,NULL,NULL,0.00),(441,30,'2026-02-26','EXPENSAS DPTO 7° PISO C, LAPRIDA 430','EXP/TRANSF','01/2026',151585.80,NULL,NULL,0.00),(442,5,'2026-02-26','COBRO EXPENSA DPTO 6° PISO A, LAPRIDA 430 01/2026 - PAGÓ LUCIANI TOMAS','EXP/TRANSF','01/2026',255766.08,NULL,NULL,0.00),(443,16,'2026-02-26','EXPENSAS DPTO 6° PISO A, LAPRIDA 430','EXP/TRANSF','01/2026',255766.08,NULL,NULL,0.00),(444,5,'2026-02-26','COBRO EXPENSA COCHERA 4, SUB SUELO, LAPRIDA 430 01/2026 - PAGÓ LUCIANI TOMAS','EXP/TRANSF','01/2026',23791.31,NULL,NULL,0.00),(445,16,'2026-02-26','EXPENSAS COCHERA 4, SUB SUELO, LAPRIDA 430','EXP/TRANSF','01/2026',23791.31,NULL,NULL,0.00),(446,5,'2026-02-26','COBRO EXPENSA DPTO 2° PISO A, LAPRIDA 430 01/2026 - PAGÓ LUCIANI TOMAS','EXP/TRANSF','01/2026',224216.30,NULL,NULL,0.00),(447,16,'2026-02-26','EXPENSAS DPTO 2° PISO A, LAPRIDA 430','EXP/TRANSF','01/2026',224216.30,NULL,NULL,0.00),(448,5,'2026-02-26','COBRO EXPENSA COCHERA 5, SUB SUELO, LAPRIDA 430 01/2026 - PAGÓ LUCIANI TOMAS','EXP/TRANSF','01/2026',23791.31,NULL,NULL,0.00),(449,16,'2026-02-26','EXPENSAS COCHERA 5, SUB SUELO, LAPRIDA 430','EXP/TRANSF','01/2026',23791.31,NULL,NULL,0.00),(450,5,'2026-02-26','COBRO EXPENSA DPTO 6° PISO C, LAPRIDA 430 01/2026 - PAGÓ HERRERA LLOBETA SOFIA NAZARENA','EXP/TRANSF','01/2026',151585.80,NULL,NULL,0.00),(453,53,'2026-02-26','INICIAL','INICIAL','INICIAL',2233432.00,NULL,NULL,0.00),(454,5,'2026-02-26','COBRO EXPENSA DPTO 5° PISO A, LAPRIDA 430 01/2026 - PAGÓ LOPEZ PEÑA JORGE RAMON','EXP/TRANSF','01/2026',224216.00,NULL,NULL,0.00),(457,5,'2026-02-27','COBRO EXPENSA DPTO 5° PISO C, LAPRIDA 430 01/2026 - PAGÓ SILVA MANCO  MARIA JULIA','EXP/TRANSF','01/2026',150664.30,NULL,NULL,0.00),(458,27,'2026-02-27','EXPENSAS DPTO 5° PISO C, LAPRIDA 430','EXP/TRANSF','01/2026',150664.30,NULL,NULL,0.00),(462,27,'2026-02-27','INICIAL','INICIAL','INICIAL',909864.20,NULL,NULL,0.00),(463,52,'2026-02-27','EXPENSAS DE DPTO DESOCUPADO 6C','MORA','1/2026',-151585.00,NULL,NULL,0.00),(465,52,'2026-02-27','INICIAL','INICIAL','INICIAL',-286415.00,NULL,NULL,0.00),(466,5,'2026-02-27','COBRO EXPENSA DPTO 4° PISO C, LAPRIDA 430 01/2026 - PAGÓ HERRERA LLOBETA GONZALO','EXP/TRANSF','01/2026',150664.30,NULL,NULL,0.00),(467,51,'2026-02-27','EXPENSAS DPTO 4° PISO C, LAPRIDA 430','EXP/TRANSF','01/2026',150664.30,NULL,NULL,0.00),(468,5,'2026-02-27','COBRO EXPENSA VARIAS PROPIEDADES Recibo N° 1- 1113 - PAGÓ HERRERA Y LLOBETA SRL','EXP/EFVO','01/2026',1371184.00,NULL,NULL,0.00),(469,7,'2026-02-27','Pago expensas Recibo N° 1- 1113 - Consorcio 430','EXP/EFVO','01/2026',1371184.00,NULL,NULL,0.00),(470,1,'2026-02-27','HERRERA Y LLOBETA SRL - Pago expensas Recibo N° 1- 1113','EXP/EFVO','01/2026',1371184.00,NULL,NULL,0.00),(471,7,'2026-02-27','EXPENSAS LAPRIDA ','MORA','1/2026',-1371184.00,NULL,NULL,0.00),(472,6,'2026-02-27','COBRO EXPENSA VARIAS PROPIEDADES Recibo N° 1-555 - PAGÓ HERRERA Y LLOBETA SRL','EXP/TRANSF','01/2026',1942338.00,NULL,NULL,0.00),(473,7,'2026-02-27','Pago expensas Recibo N° 1-555 - Consorcio 101','EXP/TRANSF','01/2026',1942338.00,NULL,NULL,0.00),(474,7,'2026-02-27','EXPENSA EE 101','MORA','1/2026',-1942338.00,NULL,NULL,0.00),(475,22,'2026-02-27','INICIAL','INICIAL','INICIAL',1128798.00,NULL,NULL,0.00),(479,16,'2026-02-27','INICIAL','INICIAL','INICIAL',-527540.56,NULL,NULL,0.00),(480,13,'2026-02-27','INICIAL','INICIAL','INICIAL',-246122.73,NULL,NULL,0.00),(481,20,'2026-02-27','INICIAL','INICIAL','INICIAL',-110319.29,NULL,NULL,0.00),(482,23,'2026-02-27','INICIAL','INICIAL','INICIAL',-110328.00,NULL,NULL,0.00),(483,26,'2026-02-27','INICIAL','INICIAL','INICIAL',-221828.98,NULL,NULL,0.00),(484,28,'2026-02-27','INICIAL','INICIAL','INICIAL',-225767.00,NULL,NULL,0.00),(485,29,'2026-02-27','INICIAL','INICIAL','INICIAL',-111500.00,NULL,NULL,0.00),(486,30,'2026-02-27','INICIAL','INICIAL','INICIAL',-151585.23,NULL,NULL,0.00),(487,10,'2026-02-27','INICIAL','INICIAL','INICIAL',-156277.04,NULL,NULL,0.00),(488,49,'2026-02-27','INICIAL','INICIAL','INICIAL',514100.00,NULL,NULL,0.00);
/*!40000 ALTER TABLE `cuentas` ENABLE KEYS */;
UNLOCK TABLES;

--
-- Table structure for table `gasoil`
--

DROP TABLE IF EXISTS `gasoil`;
/*!40101 SET @saved_cs_client     = @@character_set_client */;
/*!40101 SET character_set_client = utf8 */;
CREATE TABLE `gasoil` (
  `id` int(11) NOT NULL AUTO_INCREMENT,
  `fecha` date NOT NULL,
  `cantidad` decimal(10,2) NOT NULL COMMENT '+ carga sisterna, - tractor',
  `concepto` varchar(255) DEFAULT NULL,
  `pdt_id` int(11) DEFAULT NULL,
  `fecha_creacion` timestamp NOT NULL DEFAULT current_timestamp(),
  PRIMARY KEY (`id`),
  KEY `idx_fecha` (`fecha`),
  KEY `idx_pdt` (`pdt_id`)
) ENGINE=InnoDB AUTO_INCREMENT=6 DEFAULT CHARSET=utf8mb4 COLLATE=utf8mb4_spanish_ci;
/*!40101 SET character_set_client = @saved_cs_client */;

--
-- Dumping data for table `gasoil`
--

LOCK TABLES `gasoil` WRITE;
/*!40000 ALTER TABLE `gasoil` DISABLE KEYS */;
/*!40000 ALTER TABLE `gasoil` ENABLE KEYS */;
UNLOCK TABLES;

--
-- Table structure for table `indices`
--

DROP TABLE IF EXISTS `indices`;
/*!40101 SET @saved_cs_client     = @@character_set_client */;
/*!40101 SET character_set_client = utf8 */;
CREATE TABLE `indices` (
  `id` int(11) NOT NULL AUTO_INCREMENT,
  `fecha` date NOT NULL,
  `valor` decimal(10,4) NOT NULL,
  `tipo` varchar(20) NOT NULL,
  `fecha_registro` timestamp NOT NULL DEFAULT current_timestamp(),
  PRIMARY KEY (`id`),
  UNIQUE KEY `fecha` (`fecha`,`tipo`)
) ENGINE=InnoDB AUTO_INCREMENT=16 DEFAULT CHARSET=utf8mb4 COLLATE=utf8mb4_spanish_ci;
/*!40101 SET character_set_client = @saved_cs_client */;

--
-- Dumping data for table `indices`
--

LOCK TABLES `indices` WRITE;
/*!40000 ALTER TABLE `indices` DISABLE KEYS */;
INSERT INTO `indices` VALUES (1,'2025-10-01',2.3000,'IPC','2026-01-31 16:40:19'),(3,'2025-09-01',2.1000,'IPC','2026-01-31 16:41:27'),(4,'2025-11-01',2.3000,'IPC','2026-01-31 16:41:43'),(6,'2025-01-01',2.2000,'IPC','2026-01-31 16:44:55'),(7,'2025-02-01',2.4000,'IPC','2026-01-31 16:45:09'),(8,'2025-03-01',2.4000,'IPC','2026-01-31 16:45:24'),(9,'2025-04-01',2.8000,'IPC','2026-01-31 16:45:46'),(10,'2025-05-01',1.5000,'IPC','2026-01-31 16:46:10'),(11,'2025-06-01',1.6000,'IPC','2026-01-31 16:46:22'),(12,'2025-07-01',1.9000,'IPC','2026-01-31 16:46:37'),(13,'2025-08-01',1.9000,'IPC','2026-01-31 16:47:05'),(14,'2025-12-01',2.8000,'IPC','2026-02-01 19:29:58'),(15,'2026-01-01',2.9000,'IPC','2026-02-11 02:13:28');
/*!40000 ALTER TABLE `indices` ENABLE KEYS */;
UNLOCK TABLES;

--
-- Table structure for table `pdt`
--

DROP TABLE IF EXISTS `pdt`;
/*!40101 SET @saved_cs_client     = @@character_set_client */;
/*!40101 SET character_set_client = utf8 */;
CREATE TABLE `pdt` (
  `id` int(11) NOT NULL AUTO_INCREMENT,
  `usuario_id` int(11) NOT NULL,
  `tipo_horas` enum('Horas tractos','Horas Comunes') NOT NULL DEFAULT 'Horas Comunes',
  `tractor` varchar(100) DEFAULT NULL,
  `fecha` date NOT NULL,
  `horas` decimal(5,2) DEFAULT 0.00,
  `cant_gasoil` decimal(6,2) DEFAULT NULL,
  `cambio_aceite` tinyint(1) DEFAULT 0,
  `en_cc` tinyint(1) DEFAULT 0,
  `observaciones` text DEFAULT NULL,
  `fecha_creacion` timestamp NOT NULL DEFAULT current_timestamp(),
  `fecha_modificacion` timestamp NOT NULL DEFAULT current_timestamp() ON UPDATE current_timestamp(),
  PRIMARY KEY (`id`),
  KEY `idx_usuario` (`usuario_id`),
  KEY `idx_fecha` (`fecha`),
  CONSTRAINT `pdt_ibfk_1` FOREIGN KEY (`usuario_id`) REFERENCES `usuarios` (`id`) ON DELETE CASCADE
) ENGINE=InnoDB AUTO_INCREMENT=42 DEFAULT CHARSET=utf8mb4 COLLATE=utf8mb4_spanish_ci;
/*!40101 SET character_set_client = @saved_cs_client */;

--
-- Dumping data for table `pdt`
--

LOCK TABLES `pdt` WRITE;
/*!40000 ALTER TABLE `pdt` DISABLE KEYS */;
INSERT INTO `pdt` VALUES (39,3,'Horas Comunes',NULL,'2026-02-25',2.00,NULL,0,1,'','2026-02-26 00:55:45','2026-02-26 16:48:34'),(40,52,'Horas tractos','John Deere 200 hp','2026-02-26',1.00,0.00,0,0,'','2026-02-26 06:15:06','2026-02-26 06:15:06'),(41,3,'Horas Comunes',NULL,'2026-02-26',1.00,NULL,0,1,'','2026-02-26 16:48:12','2026-02-26 16:48:34');
/*!40000 ALTER TABLE `pdt` ENABLE KEYS */;
UNLOCK TABLES;

--
-- Table structure for table `propiedades`
--

DROP TABLE IF EXISTS `propiedades`;
/*!40101 SET @saved_cs_client     = @@character_set_client */;
/*!40101 SET character_set_client = utf8 */;
CREATE TABLE `propiedades` (
  `propiedad_id` int(11) NOT NULL AUTO_INCREMENT,
  `propiedad` varchar(255) NOT NULL,
  `ciudad` varchar(100) DEFAULT NULL,
  `padron` varchar(12) NOT NULL,
  `detalle` text NOT NULL,
  `consorcio` varchar(5) NOT NULL,
  `porcentaje` decimal(6,3) DEFAULT NULL,
  `propietario_id` int(11) NOT NULL,
  `alquiler` int(11) DEFAULT NULL,
  PRIMARY KEY (`propiedad_id`),
  UNIQUE KEY `padron` (`padron`),
  KEY `fk_propietario` (`propietario_id`),
  CONSTRAINT `fk_propietario` FOREIGN KEY (`propietario_id`) REFERENCES `usuarios` (`id`)
) ENGINE=InnoDB AUTO_INCREMENT=84 DEFAULT CHARSET=utf8mb4 COLLATE=utf8mb4_general_ci;
/*!40101 SET character_set_client = @saved_cs_client */;

--
-- Dumping data for table `propiedades`
--

LOCK TABLES `propiedades` WRITE;
/*!40000 ALTER TABLE `propiedades` DISABLE KEYS */;
INSERT INTO `propiedades` VALUES (21,'dpto 1° piso b, estados unidos 150','san miguel de tucuman , tucuman','831801','Tres dormitorios con placares completo, baño completo con grifería FV y loza Ferrun revestido con cerámico en perfectas condiciones, cocina revestida en cerámico, con bacha de acero inoxidable y monocomando fv, con alacena en buen estado de conservación, con cocina y lavadero marca Ferrun y grifería FV, con monocomando, toilette completo con grifería FV y loza Ferrun, todo recién pintado, piso de cerámico, todo en perfecto estado de conservación.','150',7.830,7,1),(24,'dpto 3° piso b, estados unidos 150','san miguel de tucuman , tucuman','831505','Tres dormitorios con placares completo, baño completo con grifería FV y loza Ferrun revestido con cerámico en perfectas condiciones, cocina revestida en cerámico, con bacha de acero inoxidable y monocomando fv, con alacena en buen estado de conservación, con cocina y lavadero marca Ferrun y grifería FV, con monocomando, toilette completo con grifería FV y loza Ferrun, todo recién pintado, piso de cerámico, todo en perfecto estado de conservación.','150',7.900,7,1),(26,'local comercial  (PB), laprida 430','san miguel de tucuman , tucuman','504422','local comercial a la calle','430',3.731,10,NULL),(27,'dpto pbc, (planta baja contrafrente), laprida 430','san miguel de tucuman , tucuman','504423','Dos dormitorios con placares completo, baño completo con grifería FV y loza Ferrun revestido con cerámico en perfectas condiciones, cocina revestida en cerámico, con bacha de acero inoxidable y monocomando fv, con alacena en buen estado de conservación, con cocina y lavadero marca Ferrun y grifería FV, con monocomando, todo recién pintado, piso de cerámico, todo en perfecto estado de conservación.','430',3.505,7,1),(28,'dpto pbd, (planta baja contrafrente), laprida 430','san miguel de tucuman , tucuman','504424','Dos dormitorios con placares completo, baño completo con grifería FV y loza Ferrun revestido con cerámico en perfectas condiciones, cocina revestida en cerámico, con bacha de acero inoxidable y monocomando fv, con alacena en buen estado de conservación, con cocina y lavadero marca Ferrun y grifería FV, con monocomando, todo recién pintado, piso de cerámico, todo en perfecto estado de conservación.','430',3.547,7,1),(29,'dpto 1° piso a, laprida 430','san miguel de tucuman , tucuman','504425','Dos dormitorios con placares completo, baño completo con grifería FV y loza Ferrun revestido con cerámico en perfectas condiciones, cocina revestida en cerámico, con bacha de acero inoxidable y monocomando fv, con alacena en buen estado de conservación, con cocina y lavadero marca Ferrun y grifería FV, con monocomando, toilette completo con grifería FV y loza Ferrun, todo recién pintado, piso de cerámico, todo en perfecto estado de conservación.','430',5.308,13,NULL),(30,'dpto 1° piso b, laprida 430','san miguel de tucuman , tucuman','504426','Un dormitorio con placar completo, baño completo con grifería FV y loza Ferrun revestido con cerámico en perfectas condiciones, cocina revestida en cerámico, con alacena en buen estado de conservación, bacha de acero inoxidable con monocomando, con cocina y lavadero marca Ferrun, todo recién pintado, piso de cerámico, todo en perfecto estado de conservación.','430',2.938,7,1),(31,'dpto 1° piso c, laprida 430','san miguel de tucuman , tucuman','504427','Dos dormitorios con placares completo, baño completo con grifería FV y loza Ferrun revestido con cerámico en perfectas condiciones, cocina revestida en cerámico, con bacha de acero inoxidable y monocomando fv, con alacena en buen estado de conservación, con cocina y lavadero marca Ferrun y grifería FV, con monocomando, todo recién pintado, piso de cerámico, todo en perfecto estado de conservación.','430',3.490,15,NULL),(32,'dpto 1° piso d, laprida 430','san miguel de tucuman , tucuman','504428','Dos dormitorios con placares completo, baño completo con grifería FV y loza Ferrun revestido con cerámico en perfectas condiciones, cocina revestida en cerámico, con bacha de acero inoxidable y monocomando fv, con alacena en buen estado de conservación, con cocina y lavadero marca Ferrun y grifería FV, con monocomando,  todo recién pintado, piso de cerámico, todo en perfecto estado de conservación.','430',3.537,7,NULL),(33,'dpto 2° piso a, laprida 430','san miguel de tucuman , tucuman','504429','Dos dormitorios con placares completo, baño completo con grifería FV y loza Ferrun revestido con cerámico en perfectas condiciones, cocina revestida en cerámico, con bacha de acero inoxidable y monocomando fv, con alacena en buen estado de conservación, con cocina y lavadero marca Ferrun y grifería FV, con monocomando, toilette completo con grifería FV y loza Ferrun, todo recién pintado, piso de cerámico, todo en perfecto estado de conservación.','430',5.353,16,NULL),(34,'dpto 2° piso b, laprida 430','san miguel de tucuman , tucuman','504430','Un dormitorio con placar completo, baño completo con grifería FV y loza Ferrun revestido con cerámico en perfectas condiciones, cocina revestida en cerámico, con alacena en buen estado de conservación, bacha de acero inoxidable con monocomando, con cocina y lavadero marca Ferrun, todo recién pintado, piso de cerámico, todo en perfecto estado de conservación.','430',2.634,7,1),(35,'dpto 2° piso c, laprida 430','san miguel de tucuman , tucuman','504431','Un dormitorio con placar completo, baño completo con grifería FV y loza Ferrun revestido con cerámico en perfectas condiciones, cocina revestida en cerámico, con alacena en buen estado de conservación, bacha de acero inoxidable con monocomando, con cocina y lavadero marca Ferrun, todo recién pintado, piso de cerámico, todo en perfecto estado de conservación.','430',3.883,7,1),(36,'dpto 3° piso a, laprida 430','san miguel de tucuman , tucuman','504432','Dos dormitorios con placares completo, baño completo con grifería FV y loza Ferrun revestido con cerámico en perfectas condiciones, cocina revestida en cerámico, con bacha de acero inoxidable y monocomando fv, con alacena en buen estado de conservación, con cocina y lavadero marca Ferrun y grifería FV, con monocomando, toilette completo con grifería FV y loza Ferrun, todo recién pintado, piso de cerámico, todo en perfecto estado de conservación.','430',5.353,7,1),(37,'dpto 3° piso b, laprida 430','san miguel de tucuman , tucuman','504433','Un dormitorio con placar completo, baño completo con grifería FV y loza Ferrun revestido con cerámico en perfectas condiciones, cocina revestida en cerámico, con alacena en buen estado de conservación, bacha de acero inoxidable con monocomando, con cocina y lavadero marca Ferrun, todo recién pintado, piso de cerámico, todo en perfecto estado de conservación.','430',2.634,20,NULL),(38,'dpto 3° piso c, laprida 430','san miguel de tucuman , tucuman','504434','Un dormitorio con placar completo, baño completo con grifería FV y loza Ferrun revestido con cerámico en perfectas condiciones, cocina revestida en cerámico, con alacena en buen estado de conservación, bacha de acero inoxidable con monocomando, con cocina y lavadero marca Ferrun, todo recién pintado, piso de cerámico, todo en perfecto estado de conservación.','430',3.597,7,1),(39,'dpto 4° piso a, laprida 430','san miguel de tucuman , tucuman','504435','Dos dormitorios con placares completo, baño completo con grifería FV y loza Ferrun revestido con cerámico en perfectas condiciones, cocina revestida en cerámico, con bacha de acero inoxidable y monocomando fv, con alacena en buen estado de conservación, con cocina y lavadero marca Ferrun y grifería FV, con monocomando, toilette completo con grifería FV y loza Ferrun, todo recién pintado, piso de cerámico, todo en perfecto estado de conservación.','430',5.353,7,1),(40,'dpto 4° piso b, laprida 430','san miguel de tucuman , tucuman','504436','Un dormitorio con placar completo, baño completo con grifería FV y loza Ferrun revestido con cerámico en perfectas condiciones, cocina revestida en cerámico, con alacena en buen estado de conservación, bacha de acero inoxidable con monocomando, con cocina y lavadero marca Ferrun, todo recién pintado, piso de cerámico, todo en perfecto estado de conservación.','430',2.634,23,NULL),(41,'dpto 4° piso c, laprida 430','san miguel de tucuman , tucuman','504437','Un dormitorio con placar completo, baño completo con grifería FV y loza Ferrun revestido con cerámico en perfectas condiciones, cocina revestida en cerámico, con alacena en buen estado de conservación, bacha de acero inoxidable con monocomando, con cocina y lavadero marca Ferrun, todo recién pintado, piso de cerámico, todo en perfecto estado de conservación.','430',3.597,51,1),(42,'dpto 5° piso b, laprida 430','san miguel de tucuman , tucuman','504439','Un dormitorio con placar completo, baño completo con grifería FV y loza Ferrun revestido con cerámico en perfectas condiciones, cocina revestida en cerámico, con alacena en buen estado de conservación, bacha de acero inoxidable con monocomando, con cocina y lavadero marca Ferrun, todo recién pintado, piso de cerámico, todo en perfecto estado de conservación.','430',2.634,26,NULL),(43,'dpto 6° piso a, laprida 430','san miguel de tucuman , tucuman','504441','Dos dormitorios con placares completo, baño completo con grifería FV y loza Ferrun revestido con cerámico en perfectas condiciones, cocina revestida en cerámico, con bacha de acero inoxidable y monocomando fv, con alacena en buen estado de conservación, con cocina y lavadero marca Ferrun y grifería FV, con monocomando, toilette completo con grifería FV y loza Ferrun, todo recién pintado, piso de cerámico, todo en perfecto estado de conservación.','430',5.390,16,NULL),(44,'dpto 6° piso b, laprida 430','san miguel de tucuman , tucuman','504442','Un dormitorio con placar completo, baño completo con grifería FV y loza Ferrun revestido con cerámico en perfectas condiciones, cocina revestida en cerámico, con alacena en buen estado de conservación, bacha de acero inoxidable con monocomando, con cocina y lavadero marca Ferrun, todo recién pintado, piso de cerámico, todo en perfecto estado de conservación.','430',2.662,26,NULL),(45,'dpto 7° piso a, laprida 430','san miguel de tucuman , tucuman','504444','Dos dormitorios con placares completo, baño completo con grifería FV y loza Ferrun revestido con cerámico en perfectas condiciones, cocina revestida en cerámico, con bacha de acero inoxidable y monocomando fv, con alacena en buen estado de conservación, con cocina y lavadero marca Ferrun y grifería FV, con monocomando, toilette completo con grifería FV y loza Ferrun, todo recién pintado, piso de cerámico, todo en perfecto estado de conservación.','430',5.390,28,NULL),(46,'dpto 7° piso b, laprida 430','san miguel de tucuman , tucuman','504445','Un dormitorio con placar completo, baño completo con grifería FV y loza Ferrun revestido con cerámico en perfectas condiciones, cocina revestida en cerámico, con alacena en buen estado de conservación, bacha de acero inoxidable con monocomando, con cocina y lavadero marca Ferrun, todo recién pintado, piso de cerámico, todo en perfecto estado de conservación.','430',2.662,29,NULL),(47,'dpto 7° piso c, laprida 430','san miguel de tucuman , tucuman','504446','Un dormitorio con placar completo, baño completo con grifería FV y loza Ferrun revestido con cerámico en perfectas condiciones, cocina revestida en cerámico, con alacena en buen estado de conservación, bacha de acero inoxidable con monocomando, con cocina y lavadero marca Ferrun, todo recién pintado, piso de cerámico, todo en perfecto estado de conservación.','430',3.619,30,NULL),(48,'dpto 6° piso c, laprida 430','san miguel de tucuman , tucuman','504443','Un dormitorio con placar completo, baño completo con grifería FV y loza Ferrun revestido con cerámico en perfectas condiciones, cocina revestida en cerámico, con alacena en buen estado de conservación, bacha de acero inoxidable con monocomando, con cocina y lavadero marca Ferrun, todo recién pintado, piso de cerámico, todo en perfecto estado de conservación.','430',3.619,52,NULL),(49,'dpto 5° piso a, laprida 430','san miguel de tucuman , tucuman','504438','Dos dormitorios con placares completo, baño completo con grifería FV y loza Ferrun revestido con cerámico en perfectas condiciones, cocina revestida en cerámico, con bacha de acero inoxidable y monocomando fv, con alacena en buen estado de conservación, con cocina y lavadero marca Ferrun y grifería FV, con monocomando, toilette completo con grifería FV y loza Ferrun, todo recién pintado, piso de cerámico, todo en perfecto estado de conservación.','430',5.353,53,1),(50,'dpto 5° piso c, laprida 430','san miguel de tucuman , tucuman','504440','Un dormitorio con placar completo, baño completo con grifería FV y loza Ferrun revestido con cerámico en perfectas condiciones, cocina revestida en cerámico, con alacena en buen estado de conservación, bacha de acero inoxidable con monocomando, con cocina y lavadero marca Ferrun, todo recién pintado, piso de cerámico, todo en perfecto estado de conservación.','430',3.597,53,1),(51,'cochera 1 , Sub Suelo, laprida 430','san miguel de tucuman , tucuman','504415','cochera','430',0.568,7,1),(52,'cochera 2 , Sub Suelo, laprida 430','san miguel de tucuman , tucuman','504416','cochera','430',0.568,7,1),(53,'cochera 3, Sub Suelo, laprida 430','san miguel de tucuman , tucuman','504417','cochera','430',0.568,7,1),(54,'cochera 4, Sub Suelo, laprida 430','san miguel de tucuman , tucuman','504418','cochera','430',0.568,16,NULL),(55,'cochera 5, Sub Suelo, laprida 430','san miguel de tucuman , tucuman','504419','cochera','430',0.568,16,NULL),(56,'cochera 6, Sub Suelo, laprida 430','san miguel de tucuman , tucuman','504420','cochera','430',0.568,13,NULL),(57,'cochera 7, Sub Suelo, laprida 430','san miguel de tucuman , tucuman','504421','COCHERA','430',0.568,7,1),(58,'depto pb A (planta baja a , entrada por celedonio gutierrez), estados unidos 101','san miguel de tucuman , tucuman','326986','Un dormitorio con placar completo, baño completo con grifería FV y loza Ferrun revestido con cerámico en perfectas condiciones, cocina revestida en cerámico, con alacena en buen estado de conservación, bacha de acero inoxidable con monocomando, con cocina y lavadero marca Ferrun, todo recién pintado, piso de cerámico, todo en perfecto estado de conservación.','101',1.210,7,1),(59,'depto pb B (planta baja b , entrada por celedonio gutierrez), estados unidos 101','san miguel de tucuman , tucuman','326985','Un dormitorio con placar completo, baño completo con grifería FV y loza Ferrun revestido con cerámico en perfectas condiciones, cocina revestida en cerámico, con alacena en buen estado de conservación, bacha de acero inoxidable con monocomando, con cocina y lavadero marca Ferrun, todo recién pintado, piso de cerámico, todo en perfecto estado de conservación.','101',1.215,7,1),(60,'local comercial,(consultorios PB a la calle), estados unidos 101','san miguel de tucuman , tucuman','326987','consultorios con entrada a la calle, 1 grande, dos medianos, uno chico, todos con aa, sala de espera, deposito, baño.','101',1.965,7,1),(61,'depto 5° piso c, ee uu 101','san miguel de tucuman , tucuman','327005','Un dormitorio con placar completo, baño completo con grifería FV y loza Ferrun revestido con cerámico en perfectas condiciones, cocina revestida en cerámico, con alacena en buen estado de conservación, bacha de acero inoxidable con monocomando, con cocina y lavadero marca Ferrun, todo recién pintado, piso de cerámico, todo en perfecto estado de conservación.','101',4.080,7,1),(62,'depto 5° piso d, ee uu 101','san miguel de tucuman , tucuman','327004','Un dormitorio con placar completo, baño completo con grifería FV y loza Ferrun revestido con cerámico en perfectas condiciones, cocina revestida en cerámico, con alacena en buen estado de conservación, bacha de acero inoxidable con monocomando, con cocina y lavadero marca Ferrun, todo recién pintado, piso de cerámico, todo en perfecto estado de conservación.','101',4.680,7,1),(63,'depto 6° piso a, ee uu 101','san miguel de tucuman , tucuman','327010','Un dormitorio con placar completo, baño completo con grifería FV y loza Ferrun revestido con cerámico en perfectas condiciones, cocina revestida en cerámico, con alacena en buen estado de conservación, bacha de acero inoxidable con monocomando, con cocina y lavadero marca Ferrun, todo recién pintado, piso de cerámico, todo en perfecto estado de conservación.','101',3.610,7,1),(64,'depto 6° piso b, ee uu 101','san miguel de tucuman , tucuman','327009','Un dormitorio con placar completo, baño completo con grifería FV y loza Ferrun revestido con cerámico en perfectas condiciones, cocina revestida en cerámico, con alacena en buen estado de conservación, bacha de acero inoxidable con monocomando, con cocina y lavadero marca Ferrun, todo recién pintado, piso de cerámico, todo en perfecto estado de conservación.','101',4.060,7,1),(65,'depto 6° piso c, ee uu 101','san miguel de tucuman , tucuman','327008','Un dormitorio con placar completo, baño completo con grifería FV y loza Ferrun revestido con cerámico en perfectas condiciones, cocina revestida en cerámico, con alacena en buen estado de conservación, bacha de acero inoxidable con monocomando, con cocina y lavadero marca Ferrun, todo recién pintado, piso de cerámico, todo en perfecto estado de conservación.','101',4.080,7,1),(66,'depto 5° piso b, ee uu 101','san miguel de tucuman , tucuman','327006','Un dormitorio con placar completo, baño completo con grifería FV y loza Ferrun revestido con cerámico en perfectas condiciones, cocina revestida en cerámico, con alacena en buen estado de conservación, bacha de acero inoxidable con monocomando, con cocina y lavadero marca Ferrun, todo recién pintado, piso de cerámico, todo en perfecto estado de conservación.','101',4.050,7,1),(67,'depto 5° piso a, ee uu 101','san miguel de tucuman , tucuman','327007','Un dormitorio con placar completo, baño completo con grifería FV y loza Ferrun revestido con cerámico en perfectas condiciones, cocina revestida en cerámico, con alacena en buen estado de conservación, bacha de acero inoxidable con monocomando, con cocina y lavadero marca Ferrun, todo recién pintado, piso de cerámico, todo en perfecto estado de conservación.','101',3.980,7,1),(68,'depto 1° piso a, ee uu 101','san miguel de tucuman , tucuman','326991','Un dormitorio con placar completo, baño completo con grifería FV y loza Ferrun revestido con cerámico en perfectas condiciones, cocina revestida en cerámico, con alacena en buen estado de conservación, bacha de acero inoxidable con monocomando, con cocina y lavadero marca Ferrun, todo recién pintado, piso de cerámico, todo en perfecto estado de conservación.','101',3.970,7,1),(69,'depto 1° piso b, ee uu 101','san miguel de tucuman , tucuman','326990','Un dormitorio con placar completo, baño completo con grifería FV y loza Ferrun revestido con cerámico en perfectas condiciones, cocina revestida en cerámico, con alacena en buen estado de conservación, bacha de acero inoxidable con monocomando, con cocina y lavadero marca Ferrun, todo recién pintado, piso de cerámico, todo en perfecto estado de conservación.','101',4.100,7,1),(70,'depto 1° piso c, ee uu 101','san miguel de tucuman , tucuman','326989','Un dormitorio con placar completo, baño completo con grifería FV y loza Ferrun revestido con cerámico en perfectas condiciones, cocina revestida en cerámico, con alacena en buen estado de conservación, bacha de acero inoxidable con monocomando, con cocina y lavadero marca Ferrun, todo recién pintado, piso de cerámico, todo en perfecto estado de conservación.','101',4.080,7,1),(71,'depto 1° piso d, ee uu 101','san miguel de tucuman , tucuman','326988','Un dormitorio con placar completo, baño completo con grifería FV y loza Ferrun revestido con cerámico en perfectas condiciones, cocina revestida en cerámico, con alacena en buen estado de conservación, bacha de acero inoxidable con monocomando, con cocina y lavadero marca Ferrun, todo recién pintado, piso de cerámico, todo en perfecto estado de conservación.','101',4.600,7,1),(72,'depto 2° piso a, ee uu 101','san miguel de tucuman , tucuman','326995','Un dormitorio con placar completo, baño completo con grifería FV y loza Ferrun revestido con cerámico en perfectas condiciones, cocina revestida en cerámico, con alacena en buen estado de conservación, bacha de acero inoxidable con monocomando, con cocina y lavadero marca Ferrun, todo recién pintado, piso de cerámico, todo en perfecto estado de conservación.','101',3.970,7,1),(73,'depto 2° piso b, ee uu 101','san miguel de tucuman , tucuman','326994','Un dormitorio con placar completo, baño completo con grifería FV y loza Ferrun revestido con cerámico en perfectas condiciones, cocina revestida en cerámico, con alacena en buen estado de conservación, bacha de acero inoxidable con monocomando, con cocina y lavadero marca Ferrun, todo recién pintado, piso de cerámico, todo en perfecto estado de conservación.','101',4.100,7,1),(74,'depto 2° piso c, ee uu 101','san miguel de tucuman , tucuman','326993','Un dormitorio con placar completo, baño completo con grifería FV y loza Ferrun revestido con cerámico en perfectas condiciones, cocina revestida en cerámico, con alacena en buen estado de conservación, bacha de acero inoxidable con monocomando, con cocina y lavadero marca Ferrun, todo recién pintado, piso de cerámico, todo en perfecto estado de conservación.','101',4.080,7,1),(75,'depto 2° piso d, ee uu 101','san miguel de tucuman , tucuman','326992','Un dormitorio con placar completo, baño completo con grifería FV y loza Ferrun revestido con cerámico en perfectas condiciones, cocina revestida en cerámico, con alacena en buen estado de conservación, bacha de acero inoxidable con monocomando, con cocina y lavadero marca Ferrun, todo recién pintado, piso de cerámico, todo en perfecto estado de conservación.','101',4.600,7,1),(76,'depto 3° piso a, ee uu 101','san miguel de tucuman , tucuman','326999','Un dormitorio con placar completo, baño completo con grifería FV y loza Ferrun revestido con cerámico en perfectas condiciones, cocina revestida en cerámico, con alacena en buen estado de conservación, bacha de acero inoxidable con monocomando, con cocina y lavadero marca Ferrun, todo recién pintado, piso de cerámico, todo en perfecto estado de conservación.','101',3.970,7,1),(77,'depto 3° piso b, ee uu 101','san miguel de tucuman , tucuman','326998','Un dormitorio con placar completo, baño completo con grifería FV y loza Ferrun revestido con cerámico en perfectas condiciones, cocina revestida en cerámico, con alacena en buen estado de conservación, bacha de acero inoxidable con monocomando, con cocina y lavadero marca Ferrun, todo recién pintado, piso de cerámico, todo en perfecto estado de conservación.','101',4.100,7,1),(78,'depto 3° piso c, ee uu 101','san miguel de tucuman , tucuman','326997','Un dormitorio con placar completo, baño completo con grifería FV y loza Ferrun revestido con cerámico en perfectas condiciones, cocina revestida en cerámico, con alacena en buen estado de conservación, bacha de acero inoxidable con monocomando, con cocina y lavadero marca Ferrun, todo recién pintado, piso de cerámico, todo en perfecto estado de conservación.','101',4.080,7,1),(79,'depto 3° piso d, ee uu 101','san miguel de tucuman , tucuman','326996','Un dormitorio con placar completo, baño completo con grifería FV y loza Ferrun revestido con cerámico en perfectas condiciones, cocina revestida en cerámico, con alacena en buen estado de conservación, bacha de acero inoxidable con monocomando, con cocina y lavadero marca Ferrun, todo recién pintado, piso de cerámico, todo en perfecto estado de conservación.','101',4.600,7,1),(80,'depto 4° piso a, ee uu 101','san miguel de tucuman , tucuman','327003','Un dormitorio con placar completo, baño completo con grifería FV y loza Ferrun revestido con cerámico en perfectas condiciones, cocina revestida en cerámico, con alacena en buen estado de conservación, bacha de acero inoxidable con monocomando, con cocina y lavadero marca Ferrun, todo recién pintado, piso de cerámico, todo en perfecto estado de conservación.','101',4.030,7,1),(81,'depto 4° piso b, ee uu 101','san miguel de tucuman , tucuman','327002','Un dormitorio con placar completo, baño completo con grifería FV y loza Ferrun revestido con cerámico en perfectas condiciones, cocina revestida en cerámico, con alacena en buen estado de conservación, bacha de acero inoxidable con monocomando, con cocina y lavadero marca Ferrun, todo recién pintado, piso de cerámico, todo en perfecto estado de conservación.','101',4.050,7,1),(82,'depto 4° piso c ee uu 101','san miguel de tucuman , tucuman','327001','Un dormitorio con placar completo, baño completo con grifería FV y loza Ferrun revestido con cerámico en perfectas condiciones, cocina revestida en cerámico, con alacena en buen estado de conservación, bacha de acero inoxidable con monocomando, con cocina y lavadero marca Ferrun, todo recién pintado, piso de cerámico, todo en perfecto estado de conservación.','101',4.070,7,1),(83,'depto 4° piso d, ee uu 101','san miguel de tucuman , tucuman','327000','Un dormitorio con placar completo, baño completo con grifería FV y loza Ferrun revestido con cerámico en perfectas condiciones, cocina revestida en cerámico, con alacena en buen estado de conservación, bacha de acero inoxidable con monocomando, con cocina y lavadero marca Ferrun, todo recién pintado, piso de cerámico, todo en perfecto estado de conservación.','101',4.670,7,1);
/*!40000 ALTER TABLE `propiedades` ENABLE KEYS */;
UNLOCK TABLES;

--
-- Table structure for table `stock`
--

DROP TABLE IF EXISTS `stock`;
/*!40101 SET @saved_cs_client     = @@character_set_client */;
/*!40101 SET character_set_client = utf8 */;
CREATE TABLE `stock` (
  `id` int(11) NOT NULL AUTO_INCREMENT,
  `fecha` date NOT NULL,
  `linea` tinyint(4) NOT NULL DEFAULT 1,
  `articulo` varchar(255) NOT NULL DEFAULT '',
  `orden` int(11) NOT NULL DEFAULT 0,
  `cantidad` decimal(12,2) NOT NULL DEFAULT 0.00,
  `deposito` varchar(255) DEFAULT NULL,
  `fecha_vta` date DEFAULT NULL,
  `cant_vta` decimal(12,2) DEFAULT 0.00,
  `vendida_a_id` int(11) DEFAULT NULL,
  `operador_id` int(11) DEFAULT NULL,
  `precio_vta` decimal(12,2) DEFAULT 0.00,
  `fecha_fact` date DEFAULT NULL,
  `cant_fact` decimal(12,2) DEFAULT 0.00,
  `facturada_a_id` int(11) DEFAULT NULL,
  `precio_fac` decimal(12,2) DEFAULT 0.00,
  `n_fact` varchar(50) DEFAULT NULL,
  `n_remt` varchar(50) DEFAULT NULL,
  `operacion` int(11) DEFAULT NULL,
  `venta_movimiento_id` int(11) DEFAULT NULL,
  `fecha_creacion` timestamp NOT NULL DEFAULT current_timestamp(),
  PRIMARY KEY (`id`),
  KEY `idx_fecha` (`fecha`),
  KEY `idx_orden` (`orden`)
) ENGINE=InnoDB AUTO_INCREMENT=20 DEFAULT CHARSET=utf8mb4 COLLATE=utf8mb4_spanish_ci;
/*!40101 SET character_set_client = @saved_cs_client */;

--
-- Dumping data for table `stock`
--

LOCK TABLES `stock` WRITE;
/*!40000 ALTER TABLE `stock` DISABLE KEYS */;
INSERT INTO `stock` VALUES (12,'2026-02-21',1,'BOLSAS DE 50 KGRS DE AZUCAR BLANCO MARCA CONCEPCION',6578,600.00,'CO&CO SRL','2026-02-11',600.00,78,NULL,35000.00,'2026-02-26',0.00,NULL,0.00,NULL,NULL,933,326,'2026-02-22 01:52:27'),(13,'2026-02-21',1,'BOLSAS DE 50 KGRS DE AZUCAR BLANCO MARCA CONCEPCION',6579,600.00,'CO&CO SRL',NULL,0.00,NULL,NULL,0.00,NULL,0.00,NULL,0.00,NULL,NULL,NULL,NULL,'2026-02-22 01:52:38'),(14,'2026-02-21',1,'BOLSAS DE 50 KGRS DE AZUCAR BLANCO MARCA CONCEPCION',6580,600.00,'CO&CO SRL',NULL,0.00,NULL,NULL,0.00,NULL,0.00,NULL,0.00,NULL,NULL,NULL,NULL,'2026-02-22 01:52:55'),(15,'2026-02-21',1,'BOLSAS DE 50 KGRS DE AZUCAR BLANCO MARCA CONCEPCION',6581,600.00,'CO&CO SRL',NULL,0.00,NULL,NULL,0.00,NULL,0.00,NULL,0.00,NULL,NULL,NULL,NULL,'2026-02-22 01:53:22'),(16,'2026-02-21',1,'BOLSAS DE 50 KGRS DE AZUCAR BLANCO MARCA CONCEPCION',6582,600.00,'CO&CO SRL',NULL,0.00,NULL,NULL,0.00,NULL,0.00,NULL,0.00,NULL,NULL,NULL,NULL,'2026-02-22 01:53:24'),(17,'2026-02-21',1,'BOLSAS DE 50 KGRS DE AZUCAR BLANCO MARCA CONCEPCION',6584,600.00,'CONTROL UNION',NULL,0.00,NULL,NULL,0.00,NULL,0.00,NULL,0.00,NULL,NULL,NULL,NULL,'2026-02-22 01:54:14'),(18,'2026-02-21',1,'BOLSAS DE 50 KGRS DE AZUCAR BLANCO MARCA CONCEPCION',6585,600.00,'CONTROL UNION',NULL,0.00,NULL,NULL,0.00,NULL,0.00,NULL,0.00,NULL,NULL,NULL,NULL,'2026-02-22 01:54:15'),(19,'2026-02-21',1,'BOLSAS DE 50 KGRS DE AZUCAR BLANCO MARCA CONCEPCION',6586,600.00,'CONTROL UNION',NULL,0.00,NULL,NULL,0.00,NULL,0.00,NULL,0.00,NULL,NULL,NULL,NULL,'2026-02-22 01:54:17');
/*!40000 ALTER TABLE `stock` ENABLE KEYS */;
UNLOCK TABLES;

--
-- Table structure for table `tabla_salarial`
--

DROP TABLE IF EXISTS `tabla_salarial`;
/*!40101 SET @saved_cs_client     = @@character_set_client */;
/*!40101 SET character_set_client = utf8 */;
CREATE TABLE `tabla_salarial` (
  `id` int(11) NOT NULL AUTO_INCREMENT,
  `valor_hora_comun` decimal(10,2) NOT NULL DEFAULT 0.00,
  `valor_hora_tractor` decimal(10,2) NOT NULL DEFAULT 0.00,
  `vigencia_desde` date DEFAULT NULL,
  `observaciones` varchar(255) DEFAULT NULL,
  `fecha_creacion` timestamp NOT NULL DEFAULT current_timestamp(),
  PRIMARY KEY (`id`),
  KEY `idx_vigencia` (`vigencia_desde`)
) ENGINE=InnoDB AUTO_INCREMENT=3 DEFAULT CHARSET=utf8mb4 COLLATE=utf8mb4_spanish_ci;
/*!40101 SET character_set_client = @saved_cs_client */;

--
-- Dumping data for table `tabla_salarial`
--

LOCK TABLES `tabla_salarial` WRITE;
/*!40000 ALTER TABLE `tabla_salarial` DISABLE KEYS */;
INSERT INTO `tabla_salarial` VALUES (2,3997.00,5140.31,'2025-05-01','inicio','2026-02-21 16:34:20');
/*!40000 ALTER TABLE `tabla_salarial` ENABLE KEYS */;
UNLOCK TABLES;

--
-- Table structure for table `usuarios`
--

DROP TABLE IF EXISTS `usuarios`;
/*!40101 SET @saved_cs_client     = @@character_set_client */;
/*!40101 SET character_set_client = utf8 */;
CREATE TABLE `usuarios` (
  `id` int(11) NOT NULL AUTO_INCREMENT,
  `apellido` varchar(150) NOT NULL,
  `dni` varchar(20) NOT NULL,
  `cuit` varchar(25) DEFAULT NULL,
  `domicilio` varchar(200) DEFAULT NULL,
  `email` varchar(100) DEFAULT NULL,
  `celular` varchar(20) DEFAULT NULL,
  `consorcio` varchar(100) DEFAULT NULL,
  PRIMARY KEY (`id`)
) ENGINE=InnoDB AUTO_INCREMENT=81 DEFAULT CHARSET=utf8mb4 COLLATE=utf8mb4_spanish_ci;
/*!40101 SET character_set_client = @saved_cs_client */;

--
-- Dumping data for table `usuarios`
--

LOCK TABLES `usuarios` WRITE;
/*!40000 ALTER TABLE `usuarios` DISABLE KEYS */;
INSERT INTO `usuarios` VALUES (1,'CAJA CENTRAL','0','0','OFICINA',NULL,NULL,NULL),(2,'HERRERA HECTOR HUGO','14480618','20144806183','BASCARY 1200, COUNTRY PRADERAS, LOTE 260, YERBA BUENA , TUCUMAN (4107)','hectorhugoherrera@gmail.com','3816407608',NULL),(3,'LLOBETA GLADYS NAZARENA','14553741','27145537415','BASCARY 1200, COUNTRY PRADERAS, LOTE 260, YERBA BUENA , TUCUMAN (4107)','nazarenallobeta@gmail.com','3814754206',NULL),(4,'HERRERA LLOBETA VIRGINIA','45126992','27451269920','BASCARY 1200, COUNTRY PRADERAS, LOTE 260, YERBA BUENA , TUCUMAN (4107)',NULL,NULL,NULL),(5,'CONSORCIO LAPRIDA 430','111','11111','LAPRIDA 430, SAN MIGUEL DE TUCUMAN, TUCUMAN','','','430'),(6,'CONSORCIO EE UU 101','212234','21223','ESTADOS UNIDOS 101, SAN MIGUEL DE TUCUMAN','','','101'),(7,'HERRERA Y LLOBETA SRL','30708875593','30708875593','LAMADRID 377, PISO 4° OFICINA D, SAN MIGUEL DE TUCUMAN, TUCUMAN','herrerayllobeta@gmail.com','3816407608',NULL),(8,'CUNEO ALBA MARINA','1','','','','',NULL),(9,'MIRANDA PABLO DAVID','1','','','','',NULL),(10,'METTOLA RODRIGO MARTIN','1','','','','',NULL),(11,'REYNOSO VALERIA NATALIA','1','','','','',NULL),(12,'LOPEZ INES MABEL','14368955','27143689552','laprida 430, planat baja d, san miguel de tucuman','ineslopez@outlook.es','3815852687',NULL),(13,'LOPEZ MARNERO LUCIA','1','','','','',NULL),(14,'BARCAT MIGUEL','1','','','','',NULL),(15,'ONTIVERO  EDITH','1','','','','',NULL),(16,'LUCIANI TOMAS','1','','','','',NULL),(17,'ALE MARIA NOELIA','1','','','','',NULL),(18,'CHOQUE ALEJANDRO RICARDO','1','','','','',NULL),(19,'FLORES ROXANA ELIZABETH','1','','','','',NULL),(20,'VEGA MARCELA','1','','','','',NULL),(21,'BUSTAMANTE ANA MARIA','1','','','','',NULL),(22,'MOLINA ALVARO JOSE','1','','','','',NULL),(23,'HILAL MARTIN','1','','','','',NULL),(24,'BERNACHI ABIGAIL SABRINA','1','','','','',NULL),(25,'LOPEZ PEÑA JORGE RAMON','1','','','','',NULL),(26,'ESPINOSA DIEGO','1','','','','',NULL),(27,'SILVA MANCO  MARIA JULIA','1','','','','',NULL),(28,'CORREA RODOLFO ANTONIO','1','','','','',NULL),(29,'AYBAR CARLOS VALENTIN','1','','','','',NULL),(30,'SOUBIE MARIA EMILIA','1','','','','',NULL),(31,'DIAS ESTELA EUGENIA','1','','','','',NULL),(32,'SUAREZ ARAUJO LUCIA LIDIA','1','','','','',NULL),(33,'MARIN CARLOS ARIEL RAMIRO','1','','','','',NULL),(34,'VENTURINO MARIA JAQUELINE','1','','','','',NULL),(35,'CHAVEZ RAMON ANSELMO','1','','','','',NULL),(36,'TERAN JORGE LUIS','1','','','','',NULL),(37,'ASTIGARRAGA MARIA INES','1','','','','',NULL),(38,'NAVARRO LIDIA CRISTINA','1','','','','',NULL),(39,'JAIME CARLOS NEIRO','1','','','','',NULL),(40,'ALONSO MARIA VALERIA','1','','','','',NULL),(41,'MARQUEZ DANIEL EDUARDO','1','','','','',NULL),(42,'SAFE CAPISANO YENIFER','1','','','','',NULL),(43,'VELIZ MARIA AGUSTINA','1','','','','',NULL),(44,'TANONI FLAVIO LUIS','1','','','','',NULL),(45,'BRITO CELINA YUDITH','1','','','','',NULL),(46,'MOLINA FEDERICO','1','','','','',NULL),(47,'CASTILLO MIGUEL FERNANDO','1','','','','',NULL),(48,'PONCE MATIAS RAMON','1','','','','',NULL),(49,'DORAO ANA MARIA','1','','','','',NULL),(50,'VILLEGA CARLOS FRANCISCO','1','','','','',NULL),(51,'HERRERA LLOBETA GONZALO','34910710','20349107105','BARRIO PRIVADO, EL PORTILLO, LOTE 41, YERBA BUENA, TUCUMAN','gonzalohll@gmail.com','3814198055',NULL),(52,'HERRERA LLOBETA SOFIA NAZARENA','31842185','23318421854','BARRIO PRIVADO, EL PORTILLO, LOTE 78, YERBA BUENA, TUCUMAN','sofiaherrerallobeta@hotmail.com','3812459560',NULL),(53,'HERRERA LLOBETA GABRIELA  ALEJANDRA','32775648','27327756481','BASCARY 1200, COUNTRY PRADERAS, LOTE 263, YERBA BUENA , TUCUMAN (4107)','gabrielaherrerallobeta@gmail.com','3814198118',NULL),(54,'LOPEZ FERNANDO  ANTONIO','23576575','20235765757','SARGENTO CABRAL 465, TAFI VIEJO, TUCUMAN','','',NULL),(55,'HERNANDO LOPEZ ROCIO INES','37503395','27375033955','MZ D, CASA 7, BARRIO 295 VIVIENDAS, CGT, TAFI VIEJO, TUCUMAN','','',NULL),(56,'HILAL FERNANDO','1','','','','',NULL),(57,'DIAZ CELSO','1','','','','',NULL),(58,'SAAVEDRA DANTE EDUARDo','1','','','','',NULL),(59,'VAZQUEZ GIMENA','1.','','','','',NULL),(60,'silvana mariel brandan','1.','','','','',NULL),(61,'JUAREZ CESAR','1.','','','','',NULL),(62,'LEDESMA JUAN','1','','','','',NULL),(63,'SUC FELISA EUDOSIA AGUILAR DE DORAO','1','','','','',NULL),(64,'DORAO ANGELICA ROSA','1','','','','',NULL),(65,'HERRERA BEATRIZ ANGELICA','1','','','','',NULL),(66,'LEAL ELSA ROSA','1','','','','',NULL),(67,'DORAO ZULMA LILIANA','1','','','','',NULL),(68,'SUC DAGES ALEJANDRO','1','','','','',NULL),(69,'JORGE ANTONIO DAGE','1','','','','',NULL),(70,'SUC  MANUEL ANTONIO DAGE','1','','','','',NULL),(71,'VIZCARRA ENRIQUE','1','','','','',NULL),(72,'IBARRA FERNANDO','1','','','','',NULL),(73,'ARTAZA RICARDO','1','','','','',NULL),(74,'LODISER SA','1','30707059806','AV CHORROARIN 949, CAPITAL FEDERAL, BS AS    ','','',NULL),(75,'CO&CO GROUP SRL','30711452571','30711452571','JOISE COLOMBRES 340, SAN MIGUEL DE TUCUMAN          ','','',NULL),(76,'SINERGIA VALLE SAS','1','','','','',NULL),(77,'J ALLENDE Y CIA SA','30708073586','30708073586','MEXICO 1870 , CORDOBA         ','','',NULL),(78,'COMERCIAL ERMA SRL','30708305916','30708305916','SAN MARTIN 920, SAN MIGUEL DE TUCUMAN, TUCUMAN','','',NULL),(79,'AGROBUSINESS SRL','30707273042','30707273042','MAIPU 50 PISO 6 OFF C, SAN MIGUEL DE TUCUMAN, TUCUMAN   ','','',NULL),(80,'SERVITJE PATRICIO','1','','','patricio.servitje@adeconsas.com','+5493813005912',NULL);
/*!40000 ALTER TABLE `usuarios` ENABLE KEYS */;
UNLOCK TABLES;

--
-- Dumping routines for database 'sistemahhh26'
--
/*!40103 SET TIME_ZONE=@OLD_TIME_ZONE */;

/*!40101 SET SQL_MODE=@OLD_SQL_MODE */;
/*!40014 SET FOREIGN_KEY_CHECKS=@OLD_FOREIGN_KEY_CHECKS */;
/*!40014 SET UNIQUE_CHECKS=@OLD_UNIQUE_CHECKS */;
/*!40101 SET CHARACTER_SET_CLIENT=@OLD_CHARACTER_SET_CLIENT */;
/*!40101 SET CHARACTER_SET_RESULTS=@OLD_CHARACTER_SET_RESULTS */;
/*!40101 SET COLLATION_CONNECTION=@OLD_COLLATION_CONNECTION */;
/*!40111 SET SQL_NOTES=@OLD_SQL_NOTES */;

-- Dump completed on 2026-02-28 17:02:51
